지역,연도,당해계획예산_백만원,세부사업수,예산금액_존재_사업수,예산결측_사업수,예산비수치_사업수,음수예산_사업수,합계출산율,예산_QA_그룹수,예산_QA_일치건수,예산_QA_불일치건수,예산_QA_판정불가건수,예산_QA_허용초과건수,예산_QA_최대절대오차율,원자료_누락주의,소비자물가지수,기준연도,20_39세_인구_명,실질계획예산_2024년가격_백만원,log1p_실질계획예산,20_39세_1인당_실질예산_원,log1p_20_39세_1인당_실질예산,총액기준_재정대응지수_z,재정대응지수_z,재정대응점수_0_100,실질예산_전년증감액_백만원,실질예산_전년증감률,log실질예산_전년변화,log1인당실질예산_전년변화,전년도_합계출산율,전전년도_합계출산율,직전1년_출산율하락도
강원,2016,966330.0,251,250,1,0,0,1.237,6,3,3,0,0,3.04,,83.786765,2024=100,370276,1153320.5751528896,13.958156663359686,3114759.19355532,14.951662722827821,-0.561118294133205,-0.3456273741059063,52.07602950808793,,,,,,,
강원,2017,1189656.0,276,276,0,0,0,1.123,6,0,0,6,0,,,85.339636,2024=100,366102,1394025.1631727137,14.147706638543063,3807750.7447998472,15.152549479700966,-0.35229589181149856,0.054820244452303796,58.19038472191265,240704.58801982412,0.20870570872102512,0.18954997518337713,0.20088675687314428,1.237,,
강원,2018,1070709.0,77,77,0,0,0,1.067,3,0,0,3,0,,원자료에 자체사업 상세가 없어 세부사업 합계가 과소대표될 수 있음,86.797969,2024=100,358469,1233564.5779914504,14.025419377698459,3441202.943605864,15.05133195172596,-0.4870166669432641,-0.14694675435257754,55.109644460396865,-160460.58518126328,-0.11510594601898361,-0.12228726084460462,-0.10121752797500605,1.123,1.237,0.1140000000000001
강원,2019,1610182.0,428,428,0,0,0,1.082,6,4,2,0,0,0.02,,87.068452,2024=100,351771,1849328.8476060193,14.43033388689082,5257195.299231657,15.475108419646894,-0.04093261727424196,0.6978091669504377,68.00805497017889,615764.2696145689,0.49917473361401643,0.40491450919236094,0.42377646792093415,1.067,1.123,0.05600000000000005
강원,2020,1479594.0,470,470,0,0,0,1.036,6,4,2,0,0,0.0,,87.535014,2024=100,346364,1690288.1857081784,14.340410188064272,4880092.000635685,15.400674835155051,-0.13999927658900424,0.5494332754060689,65.74253292927723,-159040.6618978409,-0.08599912454927694,-0.0899236988265475,-0.07443358449184245,1.082,1.067,-0.015000000000000124
강원,2021,1968341.0,437,437,0,0,0,0.979,8,8,0,0,0,0.0,,89.802171,2024=100,338241,2191863.490694451,14.60026310520045,6480182.741579085,15.684259423108415,0.14627409461130253,1.1147307329057037,74.37394761734416,501575.3049862727,0.2967395200577161,0.2598529171361772,0.2835845879533636,1.036,1.082,0.04600000000000004
강원,2022,1320745.8,521,521,0,0,0,0.968,8,7,1,0,0,0.0,,94.590336,2024=100,330559,1396279.8482923247,14.149322722795487,4223995.862440063,15.256292361574413,-0.3505154927604358,0.2616212831829041,61.34798873998477,-795583.6424021265,-0.36297134642726336,-0.45094038240496204,-0.42796706153400166,0.979,1.036,0.05700000000000005
강원,2023,2579093.0,537,537,0,0,0,0.893,8,5,3,0,0,0.0,,97.706583,2024=100,322204,2639630.7401313996,14.786149973018063,8192420.764892426,15.91872010990834,0.3510609444126718,1.5821046162614973,81.51018668599181,1243350.891839075,0.8904739929890955,0.6368272502225754,0.6624277483339274,0.968,0.979,0.01100000000000001
강원,2024,2540007.0,496,496,0,0,0,0.889,8,8,0,0,0,0.0,,100.0,2024=100,314734,2540007.0,14.747677788596059,8070329.230397733,15.903704960152114,0.3086771141547449,1.5521734199209993,81.05317318929666,-99623.7401313996,-0.03774154415493747,-0.03847218442200351,-0.015015149756226975,0.893,0.968,0.07499999999999996
경기,2016,4814583.0,126,124,2,0,0,1.194,6,6,0,0,0,0.0,,83.786765,2024=100,3643196,5746233.310237004,15.564055295663694,1577250.6640425068,14.271194437260242,1.2080595174620696,-1.702072710281044,31.36473487391823,,,,,,,
경기,2017,5514545.0,123,118,5,0,0,1.069,6,0,0,6,0,,,85.339636,2024=100,3656513,6461880.15144569,15.681431033282513,1767224.716949096,14.384921483352631,1.3373693919694734,-1.4753692407132828,34.82622515855156,715646.8412086852,0.12454190468280313,0.11737573761881848,0.11372704609238937,1.194,,
경기,2018,7061650.0,943,879,64,0,0,1.002,6,0,0,6,0,,,86.797969,2024=100,3698625,8135731.839531868,15.911776379339026,2199663.885776976,14.603815582079138,1.5911350201665284,-1.03902579072256,41.48866669853346,1673851.6880861782,0.2590347776276374,0.23034534605651302,0.21889409872650667,1.069,1.194,0.125
경기,2019,8641670.0,1023,1023,0,0,0,0.943,6,3,2,1,0,0.0,,87.068452,2024=100,3696522,9925144.87336929,16.110582081998214,2684995.4831512673,14.803189976110936,1.8101542228036342,-0.6415929159316329,47.556990388089915,1789413.0338374218,0.219944937853358,0.19880570265918784,0.19937439403179802,1.002,1.069,0.06699999999999995
경기,2020,10166623.0,1010,1003,7,0,0,0.878,6,3,3,0,0,0.03,,87.535014,2024=100,3715307,11614350.115943318,16.267752056585902,3126080.86382722,14.955290977665195,1.9833043993441002,-0.3383948116823616,52.18646206833871,1689205.2425740287,0.1701945174731332,0.15716997458768844,0.15210100155425899,0.943,1.002,0.05900000000000005
경기,2021,10065813.95,1149,1149,0,0,0,0.853,8,8,0,0,0,0.0,,89.802171,2024=100,3698716,11208875.952453308,16.23221660737614,3030477.59072427,14.92423111574673,1.9441558958194534,-0.4003095338452078,51.241098463401016,-405474.1634900104,-0.03491148100774111,-0.03553544920976037,-0.03105986191846455,0.878,0.943,0.06499999999999995
경기,2022,9215575.7,1310,1310,0,0,0,0.839,8,7,1,0,0,0.0,,94.590336,2024=100,3619591,9742618.632837925,16.092020595600022,2691635.2242112234,14.80565982845036,1.7897055037965117,-0.6366695128018928,47.63216485336574,-1466257.3196153827,-0.13081216402385654,-0.14019601177611918,-0.1185712872963709,0.853,0.878,0.025000000000000022
경기,2023,12285412.0,1303,1303,0,0,0,0.766,8,5,3,0,0,0.0,,97.706583,2024=100,3560872,12573781.236418841,16.34712442921456,3531096.1012973343,15.077119174191813,2.0707469300764574,-0.09554251055664348,55.894525657088764,2831162.6035809163,0.2905956509514145,0.2551038336145375,0.27145934574145336,0.839,0.853,0.014000000000000012
경기,2024,13821287.0,1315,1302,13,0,0,0.789,8,6,2,0,0,0.0,,100.0,2024=100,3534931,13821287.0,16.441720570224497,3909917.0535436193,15.179026973568936,2.174961100492188,0.10760047511486472,58.99627558898892,1247505.7635811586,0.09921484556832194,0.09459614100993718,0.10190779937712335,0.766,0.839,0.07299999999999995
경남,2016,1481184.0,319,318,1,0,0,1.358,6,3,3,0,0,0.03,,83.786765,2024=100,863615,1767801.8718111387,14.385248018119,2046979.1189489977,14.5318761523095,-0.09060257591488097,-1.1824298347725042,39.29905881029759,,,,,,,
경남,2017,1707499.35,326,323,3,0,0,1.227,6,0,2,4,1,29.81,,85.339636,2024=100,851333,2000828.0208741457,14.509072163075574,2350229.6056585917,14.670024011373387,0.04581134548103462,-0.9070459218051466,43.50384112394408,233026.14906300697,0.1318168923671681,0.12382414495657379,0.1381478590638867,1.358,,
경남,2018,1999188.0,73,73,0,0,0,1.122,3,0,0,3,0,,,86.797969,2024=100,835415,2303265.8748040525,14.649839053462978,2757031.983869158,14.829665653615603,0.2008906599975152,-0.5888163060072957,48.36282597083282,302437.85392990685,0.15115634665980648,0.14076689038740398,0.15964164224221555,1.227,1.358,0.131
경남,2019,2831100.0,583,583,0,0,0,1.046,6,2,3,1,0,0.03,,87.068452,2024=100,810243,3251579.573276438,14.994651766324601,4013091.8419245067,15.205072784272867,0.5807620843074852,0.1595201886497556,59.78902739082339,948313.6984723853,0.41172567563571527,0.3448127128616232,0.3754071306572637,1.122,1.227,0.10499999999999998
경남,2020,1717208.36,657,651,6,0,0,0.945,6,3,3,0,0,0.0,,87.535014,2024=100,777994,1961738.8305895512,14.489342306129998,2521534.6526959734,14.740378659877827,0.024075462261567752,-0.7668009803932365,45.645213300964045,-1289840.7426868866,-0.39668127862766245,-0.5053094601946029,-0.46469412439503976,1.046,1.122,0.07600000000000007
경남,2021,3255588.1419999995,684,684,0,0,0,0.903,8,5,3,0,0,0.0,,89.802171,2024=100,742547,3625288.905320562,15.103444816954706,4882234.936402089,15.401113856584187,0.7006166301416747,0.5503084206298255,65.75589534801504,1663550.0747310107,0.8479977297646051,0.6141025108247078,0.6607351967063604,0.945,1.046,0.10100000000000009
경남,2022,3325544.7,707,707,0,0,0,0.838,8,3,5,0,0,4.92,,94.590336,2024=100,703314,3515734.1020545694,15.07275919423637,4998811.486838836,15.424710939557926,0.6668110575132361,0.5973468408265397,66.47411565062386,-109554.80326599255,-0.030219606251299713,-0.030685622718335637,0.023597082973738637,0.903,0.945,0.041999999999999926
경남,2023,3893879.0,731,731,0,0,0,0.799,8,7,1,0,0,0.0,,97.706583,2024=100,672846,3985278.044162081,15.198117891384042,5923016.625144656,15.594356610967093,0.8049155561551948,0.935518486244703,71.63759139003487,469543.9421075117,0.13355502107884476,0.12535869714767145,0.16964567140916742,0.838,0.903,0.06500000000000006
경남,2024,4041141.0,714,714,0,0,0,0.82,8,8,0,0,0,0.0,,100.0,2024=100,651410,4041141.0,15.212037883260098,6203682.780430144,15.640653831707157,0.8202508583151904,1.0278073562518464,73.04673183026986,55862.95583791891,0.014017329586263338,0.013919991876056415,0.046297220740063594,0.799,0.838,0.038999999999999924
경북,2016,1659180.0,417,416,1,0,0,1.396,5,2,3,0,0,0.11,,83.786765,2024=100,647896,1980241.1514515448,14.49872969390574,3056418.239117922,14.932754605434704,0.034417309391642545,-0.38331881130838064,51.50052643379009,,,,,,,
경북,2017,1817693.0,405,404,1,0,0,1.256,5,0,0,5,0,,,85.339636,2024=100,634477,2129951.66747606,14.571610315596473,3357019.5097317314,15.026564385485282,0.11470804268999672,-0.1963184156454389,54.35579836255245,149710.51602451503,0.07560216386513074,0.07288062169073228,0.09380978005057727,1.396,,
경북,2018,2487325.0,558,558,0,0,0,1.167,6,0,0,6,0,,,86.797969,2024=100,619667,2865648.849456374,14.868305705955388,4624498.076315786,15.346878615239333,0.4415698326352925,0.4421959020321405,64.10514675785609,735697.1819803142,0.3454055757293766,0.2966953903589147,0.320314229754052,1.256,1.396,0.1399999999999999
경북,2019,2232261.0,629,629,0,0,0,1.089,6,3,2,1,0,0.0,,87.068452,2024=100,601357,2563800.0317267617,14.757001493281013,4263357.758746903,15.26556784860961,0.3189488032381472,0.280111037072244,61.63030512259348,-301848.81772961235,-0.10533349813145265,-0.11130421267437463,-0.08131076662972347,1.167,1.256,0.08899999999999997
경북,2020,2646517.0,618,618,0,0,0,1.003,6,4,2,0,0,0.03,,87.535014,2024=100,575280,3023381.0209934963,14.92188663726052,5255494.752109401,15.474784896969965,0.5005985863080251,0.6971642569148415,67.998207966836,459580.98926673457,0.1792577360088412,0.16488514397950738,0.2092170483603546,1.089,1.167,0.07800000000000007
경북,2021,3199705.6,439,439,0,0,0,0.966,6,4,2,0,0,4.98,,89.802171,2024=100,555496,3563060.4075262276,15.086130679220885,6414196.335394364,15.674024425115933,0.681542083536181,1.0943282900775502,74.06242676692625,539679.3865327314,0.17850194295239374,0.16424404196036413,0.19923952814596824,1.003,1.089,0.08600000000000008
경북,2022,3356569.7,742,739,3,0,0,0.93,8,7,1,0,0,0.04,,94.590336,2024=100,529688,3548533.43580469,15.082045241227181,6699289.838177739,15.717512233711114,0.677041260069672,1.1810168785107458,75.38605761925598,-14526.971721537877,-0.004077105089448585,-0.004085437993703422,0.043487808595180866,0.966,1.003,0.03699999999999992
경북,2023,3406826.0,264,264,0,0,0,0.86,8,7,1,0,0,0.0,,97.706583,2024=100,507409,3486792.6964552635,15.064493160287038,6871759.658293928,15.742930913502729,0.6577045774659421,1.2316864694179936,76.15972154679177,-61740.739349426236,-0.017398945357668727,-0.01755208094014371,0.025418679791615162,0.93,0.966,0.03599999999999992
경북,2024,4062706.0,694,694,0,0,0,0.897,8,8,0,0,0,0.0,,100.0,2024=100,491584,4062706.0,15.21736005816818,8264520.407499024,15.927482381631917,0.826114163487385,1.5995713268574663,81.77688242359001,575913.3035447365,0.1651699294111233,0.15286689788114316,0.18455146812918777,0.86,0.93,0.07000000000000006
광주,2016,1102184.9,278,278,0,0,0,1.168,5,1,2,2,1,100.1,,83.786765,2024=100,414797,1315464.2024906916,14.089700927186128,3171344.5432119607,14.96966651737619,-0.4161993134933868,-0.309738613870416,52.62400786554113,,,,,,,
광주,2017,1244520.8,284,280,4,0,0,1.053,5,0,0,5,0,,,85.339636,2024=100,409132,1458315.1022579942,14.192792973441419,3564412.224558319,15.086510004891778,-0.30262541965107126,-0.07682283063040916,56.18035273472304,142850.89976730268,0.10859352880665973,0.10309204625529134,0.11684348751558815,1.168,,
광주,2018,3239297.36,287,286,1,0,0,0.972,6,1,1,4,0,0.0,,86.797969,2024=100,406163,3731996.7244855696,15.132454231218631,9188421.21139929,16.033454794216762,0.7325755664099481,1.8108167116354548,85.00234627942253,2273681.6222275756,1.5591154605113133,0.9396612577772121,0.9469447893249843,1.053,1.168,0.11499999999999999
광주,2019,1088029.0,293,293,0,0,0,0.913,5,3,2,0,0,0.0,,87.068452,2024=100,400391,1249624.8354111086,14.038354732798703,3121011.2999820393,14.953667962283934,-0.4727661141573603,-0.34163013019925,52.137062631994596,-2482371.889074461,-0.6651591821578138,-1.0940994984199275,-1.0797868319328288,0.972,1.053,0.08099999999999996
광주,2020,194720.0,179,178,1,0,0,0.811,5,5,0,0,0,0.0,,87.535014,2024=100,395242,222448.12801423666,12.312453716308486,562815.0045142891,13.240708041121325,-2.3741475101944345,-3.7562440738570166,0.0,-1027176.7073968719,-0.821988070570753,-1.7259010164902175,-1.712959921162609,0.913,0.972,0.05899999999999994
광주,2021,824741.7,195,195,0,0,0,0.896,8,8,0,0,0,0.0,,89.802171,2024=100,387661,918398.3981857187,13.730387649261639,2369076.069518777,14.678011015122843,-0.8120456427249766,-0.8911246302244139,43.746940165306775,695950.270171482,3.1285957602077072,1.4179339329531526,1.4373029740015184,0.811,0.913,0.10199999999999998
광주,2022,870927.5,204,196,8,0,0,0.844,7,6,1,0,0,0.0,,94.590336,2024=100,376036,920736.2367335286,13.7329299723959,2448532.153127702,14.710999690211604,-0.8092448297791518,-0.8253650122968518,44.75101072060729,2337.8385478098644,0.0025455603498745205,0.0025423231342607266,0.032988675088761354,0.896,0.811,-0.08499999999999996
광주,2023,1223803.0,198,198,0,0,0,0.706,7,6,1,0,0,0.29,,97.706583,2024=100,364980,1252528.7062796988,14.040675829248482,3431773.53904241,15.04858804367985,-0.4702090210414464,-0.15241646006992024,55.02612860933167,331792.4695461702,0.3603556114216395,0.3077458568525824,0.3375883534682451,0.844,0.896,0.052000000000000046
광주,2024,1240977.0,200,200,0,0,0,0.699,8,7,1,0,0,0.0,,100.0,2024=100,355795,1240977.0,14.031410336390607,3487898.930563948,15.064810373967557,-0.4804165796307005,-0.12007887031391981,55.51988484950864,-11551.70627969876,-0.009222707808438146,-0.009265492857874591,0.016222330287707365,0.706,0.844,0.138
대구,2016,774602.0,160,158,2,0,0,1.186,6,2,4,0,0,0.12,,83.786765,2024=100,663695,924492.0722264429,13.737000836245754,1392947.1703515062,14.146933044856175,-0.804760062277448,-1.9497753435529748,27.582612526237977,,,,,,,
대구,2017,959658.5,163,163,0,0,0,1.067,6,0,0,6,0,,,85.339636,2024=100,656227,1124516.7485832726,13.932864833790317,1713609.389103576,14.354113041392756,-0.588981661589082,-1.5367827823839841,33.888513979082745,200024.6763568297,0.21636169997122057,0.19586399754456352,0.20717999653658126,1.186,,
대구,2018,1446836.0,232,230,2,0,0,0.987,6,0,0,6,0,,,86.797969,2024=100,648823,1666900.754325254,14.326477224378435,2569114.7729430893,14.75907234044955,-0.15534886946298326,-0.729537001505065,46.21418959909534,542384.0057419813,0.48232630276543786,0.3936123905881175,0.4049592990567934,1.067,1.186,0.119
대구,2019,1765898.0,235,235,0,0,0,0.932,5,4,1,0,0,0.0,,87.068452,2024=100,629627,2028172.0410051623,14.52264596599259,3221227.8714304855,14.985273481805892,0.06076526004119417,-0.27862769428529083,53.09903432232736,361271.2866799084,0.21673233138954795,0.1961687416141551,0.22620114135634317,0.987,1.067,0.07999999999999996
대구,2020,1929459.0,238,238,0,0,0,0.807,6,5,1,0,0,0.0,,87.535014,2024=100,615844,2204213.96174107,14.605881977049346,3579175.8330698516,15.090643397041113,0.15246426328154047,-0.06858332759630165,56.306160071316306,176041.9207359075,0.08679831748822497,0.08323601105675671,0.10536991523522055,0.932,0.987,0.05499999999999994
대구,2021,2164115.0,267,267,0,0,0,0.785,8,8,0,0,0,0.0,,89.802171,2024=100,593786,2409869.356053764,14.695083509851317,4058481.264384415,15.216319635181067,0.2507353305948722,0.18193965886556596,60.13134583211861,205655.3943126942,0.09330101246171707,0.08920153280197063,0.12567623813995432,0.807,0.932,0.125
대구,2022,2523629.0,278,278,0,0,0,0.757,8,8,0,0,0,0.0,,94.590336,2024=100,573820,2667956.481304813,14.79682374934824,4649465.827794105,15.35226311030006,0.36281997320154885,0.4529293533445522,64.2690336957549,258087.12525104918,0.1070958990381432,0.10174023949692312,0.1359434751189923,0.785,0.807,0.02200000000000002
대구,2023,2696432.0,266,266,0,0,0,0.702,8,8,0,0,0,0.0,,97.706583,2024=100,562435,2759723.978884821,14.830641587396821,4906742.963871062,15.40612113597914,0.4000762280535956,0.5602899303140628,65.90830103842568,91767.49758000765,0.03439617483382906,0.03381783804858074,0.05385802567908016,0.757,0.785,0.028000000000000025
대구,2024,2848338.0,253,253,0,0,0,0.754,8,8,0,0,0,0.0,,100.0,2024=100,550732,2848338.0,14.862246575329264,5171913.01758387,15.45875339413861,0.43489464203131534,0.6652070625698737,67.51025990869577,88614.02111517917,0.03210974060927185,0.03160498793244315,0.052632258159469814,0.702,0.757,0.05500000000000005
대전,2016,709547.0,230,230,0,0,0,1.192,6,0,6,0,2,24192.52,,83.786765,2024=100,435675,846848.544635898,13.64927832460394,1943762.0809913306,14.480136384657495,-0.9014017294737393,-1.2855678766399647,37.72426451808403,,,,,,,
대전,2017,935218.2,236,232,4,3,0,1.075,6,0,0,6,0,,,85.339636,2024=100,429257,1095877.88726917,13.907067236067595,2552964.511397997,14.75276618708341,-0.6174022209976289,-0.7421076862880751,46.02225030795639,249029.34263327206,0.2940659746192775,0.25778891146365446,0.2726298024259144,1.192,,
대전,2018,997696.4,260,257,3,3,0,0.952,6,0,0,6,0,,,86.797969,2024=100,422995,1149446.7111321464,13.954792133792457,2717400.2319936324,14.815186552144464,-0.5648249110622308,-0.6176789438099537,47.92212808238286,53568.823862976395,0.04888211039321644,0.0477248977248621,0.06242036506105464,1.075,1.192,0.11699999999999999
대전,2019,685088.0,192,192,0,0,0,0.883,6,2,4,0,0,0.23,,87.068452,2024=100,413109,786838.383206813,13.575779419158943,1904674.9966880726,14.459822471598912,-0.9823736103098725,-1.3260616266239174,37.105973486080536,-362608.3279253334,-0.3154633654727522,-0.3790127146335145,-0.35536408054555224,0.952,1.075,0.123
대전,2020,1247751.0,299,299,0,0,0,0.805,6,2,4,0,0,0.04,,87.535014,2024=100,406576,1425430.7424912276,14.169985302983395,3505939.2155248406,15.069969292271391,-0.3277520519906358,-0.10979508366086804,55.676905946965384,638592.3592844146,0.8115927907352312,0.5942058838244524,0.6101468206724796,0.883,0.952,0.06899999999999995
대전,2021,1337995.0,294,294,0,0,0,0.81,8,4,4,0,0,0.02,,89.802171,2024=100,399066,1489936.1397398734,14.214244488937654,3733558.207764814,15.132872547846898,-0.27899282885262133,0.01559625266637652,57.591481375835095,64505.39724864578,0.045253266486949384,0.044259185954258484,0.06290325557550602,0.805,0.883,0.07799999999999996
대전,2022,1500606.3,322,322,0,0,0,0.842,8,7,1,0,0,0.0,,94.590336,2024=100,391878,1586426.6514498903,14.276995286349667,4048266.683635954,15.213799615143543,-0.20986186615794264,0.17691625145706877,60.05464442135758,96490.51171001699,0.0647615083199895,0.06275079741201317,0.08092706729664556,0.81,0.805,-0.0050000000000000044
대전,2023,1222344.0,235,235,0,0,0,0.787,8,7,1,0,0,0.0,,97.706583,2024=100,387193,1251035.4599136887,14.039482933639611,3231038.4224758423,14.98831444605558,-0.47152320389228725,-0.27256583679471774,53.191591621297945,-335391.19153620163,-0.21141298353105453,-0.23751235271005555,-0.22548516908796223,0.842,0.81,-0.03199999999999992
대전,2024,1676350.0,162,162,0,0,0,0.792,8,8,0,0,0,0.0,,100.0,2024=100,384407,1676350.0,14.332129965304986,4360872.720840151,15.288182989936992,-0.14912138808851846,0.3251920549993053,62.318638238418416,425314.5400863113,0.3399700118137774,0.29264703166537487,0.29986854388141104,0.787,0.842,0.05499999999999994
부산,2016,1757736.53,552,551,1,0,0,1.095,6,2,4,0,0,1.59,,83.786765,2024=100,938715,2097868.953408095,14.556433080034374,2234830.5432512476,14.619676411042091,0.0979876670338467,-1.0074088176306772,41.971419985881596,,,,,,,
부산,2017,3477747.6,513,507,6,0,0,0.976,6,0,0,6,0,,,85.339636,2024=100,919415,4075184.4781714324,15.220426819736963,4432366.752958601,15.304444480717464,0.8294927369613269,0.3576077072732805,62.81358639968984,1977315.5247633373,0.9425352911348859,0.6639937397025886,0.6847680696753731,1.095,,
부산,2018,2341626.0,570,569,1,0,0,0.899,6,0,0,6,0,,,86.797969,2024=100,899448,2697788.930982936,14.807943451704034,2999382.878146303,14.913917451589034,0.37507026738804394,-0.42086878979041964,50.9271832646203,-1377395.5471884962,-0.33799587590855384,-0.4124833680329285,-0.39052702912842996,0.976,1.095,0.119
부산,2019,2525413.0,556,556,0,0,0,0.827,6,4,2,0,0,0.08,,87.068452,2024=100,871859,2900491.4432152766,14.880391088546222,3326789.5877834335,15.017518609762446,0.45488399225548487,-0.21435026305342247,54.08047366313019,202702.5122323404,0.0751365349247266,0.07244763684218825,0.10360115817341153,0.899,0.976,0.07699999999999996
부산,2020,3494318.0,545,545,0,0,0,0.747,6,4,2,0,0,0.0,,87.535014,2024=100,850001,3991908.883455482,15.19978034187399,4696357.867173664,15.36229805732612,0.8067470357146926,0.47293301461865617,64.57446562976732,1091417.4402402053,0.37628707465874767,0.3193892533277669,0.34477944756367407,0.827,0.899,0.07200000000000006
부산,2021,3944822.1,685,685,0,0,0,0.728,8,7,1,0,0,0.0,,89.802171,2024=100,820849,4392791.461578362,15.295475678859543,5351521.974904473,15.492891746568327,0.9121721624707153,0.73325844706514,68.54932299288824,400882.57812287984,0.10042377965698135,0.09569533698555333,0.1305936892422075,0.747,0.827,0.07999999999999996
부산,2022,5106355.100000001,748,748,0,0,0,0.723,8,4,4,0,0,0.0,,94.590336,2024=100,791825,5398389.852426363,15.501611476835158,6817655.229913634,15.73502630945158,1.1392667452905028,1.215929433378396,75.91913049068805,1005598.3908480015,0.2289201296359018,0.206135797975616,0.24213456288325297,0.728,0.747,0.019000000000000017
부산,2023,4317819.0,722,722,0,0,0,0.664,8,4,4,0,0,0.0,,97.706583,2024=100,768246,4419168.972473431,15.301462447386152,5752283.737856666,15.565107679566832,0.9187676335841308,0.8772136725928842,70.74734676171964,-979220.8799529318,-0.18139128642456426,-0.20014902944900648,-0.16991862988474793,0.723,0.728,0.0050000000000000044
부산,2024,4796613.0,683,683,0,0,0,0.683,8,6,2,0,0,0.0,,100.0,2024=100,747346,4796613.0,15.383420810288046,6418195.855734827,15.674647772623873,1.009059084242303,1.095570870867713,74.08139948640523,377444.0275265686,0.08541063486769351,0.08195836290189362,0.10954009305704027,0.664,0.723,0.05899999999999994
서울,2016,4173074.0,103,102,1,0,0,0.94,5,4,1,0,0,0.0,,83.786765,2024=100,3063675,4980588.521349404,15.421058819775745,1625690.8847542263,14.30144405836279,1.0505239251225233,-1.641773121988855,32.2854373203288,,,,,,,
서울,2017,4761473.0,128,124,4,0,0,0.836,5,0,0,5,0,,,85.339636,2024=100,3026304,5579439.077991849,15.534598984876748,1843647.9210257293,14.42725727507294,1.1756082466237905,-1.3909770824742032,36.11479227400321,598850.5566424448,0.12023690655741959,0.11354016510100351,0.12581321671014933,0.94,,
서울,2018,5912413.0,184,184,0,0,0,0.761,5,0,0,5,0,,,86.797969,2024=100,2998560,6811695.09853393,15.734151707105703,2271655.4274498196,14.636019827075655,1.395450421782993,-0.9748298555745593,42.46886169180565,1232256.0205420814,0.2208566135980814,0.1995527222289546,0.20876255200271565,0.836,0.94,0.10399999999999998
서울,2019,5907309.0,162,162,0,0,0,0.717,6,5,0,1,0,0.0,,87.068452,2024=100,2966582,6784672.133598976,15.73017667523421,2287033.4053125703,14.642766516753838,1.3910712299423853,-0.9613810058005267,42.67420950990948,-27022.96493495442,-0.003967142472476537,-0.003975031871492618,0.006746689678182705,0.761,0.836,0.07499999999999996
서울,2020,6677517.0,177,176,1,0,0,0.642,6,5,1,0,0,0.0,,87.535014,2024=100,2935517,7628395.421288217,15.847388213582326,2598654.8268288746,14.770504879625266,1.5202002102759202,-0.7067473803361585,46.56215980183221,843723.2876892416,0.12435726754001353,0.1172115383481156,0.12773836287142792,0.717,0.761,0.04400000000000004
서울,2021,7529092.0,228,228,0,0,0,0.626,8,7,1,0,0,0.0,,89.802171,2024=100,2861556,8384086.839058713,15.941846162475041,2929904.862619747,14.890480851678388,1.6242621379394575,-0.46758730308319085,50.21384755703817,755691.4177704956,0.09906295833349454,0.09445794889271575,0.1199759720531226,0.642,0.717,0.07499999999999996
서울,2022,7957659.899999999,227,227,0,0,0,0.593,8,8,0,0,0,0.0,,94.590336,2024=100,2815291,8412762.060597818,15.94526052265101,2988238.892746014,14.910195107402378,1.6280236519868612,-0.42828890990287494,50.813886923240744,28675.22153910529,0.00342019615129896,0.0034143601759684117,0.019714255723989993,0.626,0.642,0.016000000000000014
서울,2023,8314712.0,230,230,0,0,0,0.552,8,6,2,0,0,0.01,,97.706583,2024=100,2783216,8509879.011939248,15.956738400795544,3057570.4551638276,14.933131516724616,1.6406685393595906,-0.38256747642298383,51.51199841704321,97116.95134142973,0.011544003104080325,0.01147787814453416,0.02293640932223795,0.593,0.626,0.03300000000000003
서울,2024,4872683.0,237,237,0,0,0,0.581,8,8,0,0,0,0.0,,100.0,2024=100,2750925,4872683.0,15.399155472606212,1771288.9300871524,14.387218613183684,1.026393562824121,-1.4707901425951073,34.896142498937515,-3637196.011939248,-0.4274086631356697,-0.5575829281893316,-0.5459129035409322,0.552,0.593,0.040999999999999925
세종,2016,97707.0,114,114,0,0,0,1.821,5,5,0,0,0,0.0,,83.786765,2024=100,72474,116613.88287279023,11.666632185171625,1609044.3865771203,14.291151633517716,-3.0856327186341184,-1.6622900394927902,31.972168578805334,,,,,,,
세종,2017,89445.0,102,102,0,0,0,1.668,5,0,0,5,0,,,85.339636,2024=100,82673,104810.61812825169,11.559919904726964,1267773.2527941612,14.052773364055357,-3.203194932705229,-2.137473231297259,24.7166907293118,-11803.264744538537,-0.10121663436431738,-0.10671228044466119,-0.23837826946235907,1.821,,
세종,2018,104743.0,93,90,3,0,0,1.566,5,0,0,5,0,,,86.797969,2024=100,92412,120674.48260223694,11.700860259710561,1305831.3054823717,14.082351177421268,-3.047924516640675,-2.0785128244048434,25.61694548070687,15863.864473985246,0.1513574173808745,0.1409403549835968,0.029577813365911254,1.668,1.821,0.15300000000000002
세종,2019,129545.0,100,100,0,0,0,1.472,6,5,1,0,0,0.0,,87.068452,2024=100,97804,148785.2339444372,11.910265883287195,1521259.1912849904,14.235049622544912,-2.8172276498505675,-1.7741237762710325,30.26460144677069,28110.751342200267,0.23294693903812247,0.20940562357663417,0.15269844512364372,1.566,1.668,0.10199999999999987
세종,2020,209363.0,107,107,0,0,0,1.277,6,4,2,0,0,0.09,,87.535014,2024=100,98945,239176.29121530728,12.384960360161013,2417265.0585204638,14.698147731625191,-2.2942687787996072,-0.8509841038180908,44.35983789660516,90391.05727087008,0.607527070224092,0.47469447687381816,0.4630981090802795,1.472,1.566,0.09400000000000008
세종,2021,175466.0,93,93,0,0,0,1.277,8,7,1,0,0,0.0,,89.802171,2024=100,100229,195391.71274600923,12.182766723862674,1949452.8803640585,14.483059829963661,-2.517020382038453,-1.2797402813864922,37.81324491344865,-43784.57846929805,-0.18306404136805943,-0.20219363629833964,-0.2150879016615299,1.277,1.472,0.19500000000000006
세종,2022,231310.4,108,108,0,0,0,1.121,8,8,0,0,0,0.0,,94.590336,2024=100,99462,244539.1461554804,12.40713477137315,2458618.830864857,14.715110706100386,-2.2698397921172937,-0.8171701140957861,44.87613699485723,49147.43340947118,0.25153284506676177,0.22436804751047568,0.23205087613672504,1.277,1.277,0.0
세종,2023,318453.0,112,112,0,0,0,0.971,8,8,0,0,0,0.0,,97.706583,2024=100,97150,325927.88553459087,12.694434494020372,3354893.314818228,15.025930827092422,-1.9533289710976007,-0.19758135081143596,54.33651485614845,81388.73937911046,0.33282499206635285,0.2872997226472229,0.3108201209920356,1.121,1.277,0.15599999999999992
세종,2024,329034.0,120,120,0,0,0,1.028,8,8,0,0,0,0.0,,100.0,2024=100,95902,329034.0,12.703919407067964,3430939.9178327876,15.04834510159112,-1.9428796828479218,-0.15290074077808294,55.01873422331042,3106.114465409133,0.009530066629047207,0.009484913047591803,0.022414274498698816,0.971,1.121,0.15000000000000002
울산,2016,577145.0,155,155,0,0,0,1.418,6,4,2,0,1,262.31,,83.786765,2024=100,335848,688825.9738874033,13.442745392024896,2051005.1388943908,14.533841030172608,-1.1289338254182464,-1.1785130476567858,39.3588634554311,,,,,,,
울산,2017,2222729.4,154,154,0,0,0,1.261,6,0,0,6,0,,,85.339636,2024=100,328031,2604568.6438128236,14.77277801561131,7940007.632854285,15.887424920483973,0.3363293979341237,1.5197207922982785,80.55766045876345,1915742.6699254203,2.781170778322844,1.3300326235864137,1.3535838903113646,1.418,,
울산,2018,948045.0,189,189,0,0,0,1.131,6,0,0,6,0,,,86.797969,2024=100,319567,1092243.298918665,13.903745127224564,3417885.134944049,15.044532828745266,-0.6210621040902268,-0.1605001246607174,54.90270073900119,-1512325.3448941587,-0.5806433047893367,-0.8690328883867462,-0.8428920917387064,1.261,1.418,0.15700000000000003
울산,2019,356752.0,160,160,0,0,0,1.084,6,4,1,1,0,0.01,,87.068452,2024=100,308880,409737.3868551149,12.923274154179088,1326526.1164695509,14.098074894469011,-1.7012221188830576,-2.0471691701756694,26.095525516583926,-682505.91206355,-0.6248661930352328,-0.9804709730454757,-0.9464579342762551,1.131,1.261,0.1299999999999999
울산,2020,1240133.6,194,194,0,0,0,0.984,6,4,2,0,2,25.6,,87.535014,2024=100,296274,1416728.6247306708,14.163861692231375,4781818.940341275,15.380331772661478,-0.3344982787146582,0.5088814189445872,65.12335468100032,1006991.2378755559,2.4576503638210414,1.2405875380522868,1.2822568781924666,1.084,1.131,0.04699999999999993
울산,2021,977844.0,249,249,0,0,0,0.94,8,8,0,0,0,0.0,,89.802171,2024=100,282313,1088886.8154423572,13.900667380485851,3857019.7456098627,15.165405615866556,-0.6244527796473933,0.080447663558988,58.58168469816423,-327841.8092883136,-0.23140762709628915,-0.263194311745524,-0.2149261567949221,0.984,1.084,0.10000000000000009
울산,2022,938106.0,254,254,0,0,0,0.848,8,8,0,0,0,0.0,,94.590336,2024=100,268844,991756.7054630191,13.807234107908299,3688967.228069137,15.120857363928316,-0.7273858473913896,-0.008354812409422522,57.22577731658725,-97130.10997933813,-0.08920129126540965,-0.09343327257755263,-0.04454825193823986,0.94,0.984,0.04400000000000004
울산,2023,3219772.0,274,274,0,0,0,0.814,8,8,0,0,0,0.0,,97.706583,2024=100,259431,3295348.0729133678,15.00802266049363,12702213.971781967,16.357286943448575,0.5954924594439877,2.4563436492541197,94.85876897686265,2303591.3674503486,2.3227383840826934,1.2007885525853315,1.2364295795202587,0.848,0.94,0.09199999999999997
울산,2024,1273043.0,302,302,0,0,0,0.859,8,8,0,0,0,0.0,,100.0,2024=100,253450,1273043.0,14.056921440964217,5022856.579206944,15.42950956859876,-0.452311642461557,0.6069124269391173,66.62017068656415,-2022305.0729133678,-0.6136848151295526,-0.9511012195294128,-0.9277773748498142,0.814,0.848,0.03400000000000003
인천,2016,1094772.2,132,132,0,0,0,1.144,5,4,1,0,0,2.42,,83.786765,2024=100,856765,1306617.101161502,14.082952754929366,1525058.9148267051,14.237544255662835,-0.42363360379373843,-1.7691509751426857,30.34053016028357,,,,,,,
인천,2017,1161639.0,119,119,0,0,0,1.007,5,0,0,5,0,,,85.339636,2024=100,849476,1361195.1661007788,14.123874405046575,1602393.9064797342,14.287009884646551,-0.37855125927653743,-1.6705462008144218,31.846106890125927,54578.06493927678,0.04177051172126878,0.04092165011720894,0.049465628983716314,1.144,,
인천,2018,1453723.0,217,214,3,0,0,1.006,5,0,0,5,0,,,86.797969,2024=100,843463,1674835.271779228,14.331225970272133,1985665.3721375188,14.501465119615116,-0.15011729649876615,-1.2430511808976372,38.37344350739274,313640.10567844915,0.23041523617578585,0.20735156522555798,0.21445523496856467,1.007,1.144,0.137
인천,2019,2137311.0,252,252,0,0,0,0.94,6,4,1,1,0,0.0,,87.068452,2024=100,828797,2454747.903408229,14.713535034309054,2961820.449890901,14.901314991740051,0.2710629073198739,-0.4459905305813648,50.54360439021343,779912.6316290009,0.46566527751739795,0.3823090640369209,0.3998498721249355,1.006,1.007,0.0009999999999998899
인천,2020,2761790.0,305,305,0,0,0,0.829,6,4,2,0,0,0.0,,87.535014,2024=100,807692,3155068.8962019244,14.964521207817258,3906277.264355626,15.178095628115711,0.547568011848699,0.10574393128587373,58.967928389718864,700320.9927936955,0.2852924293453327,0.2509861735082044,0.2767806363756602,0.94,1.006,0.06600000000000006
인천,2021,3305518.2,367,367,0,0,0,0.778,8,6,2,0,0,0.03,,89.802171,2024=100,793142,3680888.9620274324,15.118665118414592,4640895.277298936,15.350418068759804,0.7173844504056398,0.44925144792939986,64.2128764878982,525820.065825508,0.1666588220810299,0.1541439105973339,0.17232244064409308,0.829,0.94,0.11099999999999999
인천,2022,4451688.0,377,371,6,0,0,0.747,8,8,0,0,0,0.0,,94.590336,2024=100,781788,4706282.045556959,15.364408992137978,6019895.4774912875,15.610580620707125,0.9881142461606323,0.9678594238206115,72.13139874740962,1025393.0835295264,0.27857213138120307,0.24574387372338613,0.26016255194732096,0.778,0.829,0.050999999999999934
인천,2023,4389696.0,336,336,0,0,0,0.694,8,8,0,0,0,0.0,,97.706583,2024=100,777188,4492733.104789879,15.317972006419033,5780754.598359572,15.570044958464402,0.9369557962319129,0.8870556433004808,70.89762185918923,-213548.9407670796,-0.04537529597672196,-0.04643698571894461,-0.04053566224272309,0.747,0.778,0.031000000000000028
인천,2024,4721370.0,328,328,0,0,0,0.762,8,8,0,0,0,0.0,,100.0,2024=100,773496,4721370.0,15.367609781486323,6103935.896242514,15.624444513793797,0.9916404746415404,0.995495705360112,72.55337164546347,228636.89521012083,0.05089038005982638,0.04963777506728917,0.054399555329395,0.694,0.747,0.05300000000000005
전남,2016,1883686.0,446,436,10,0,0,1.466,5,1,4,0,0,6.39,,83.786765,2024=100,425915,2248190.391406089,14.62563662489748,5278495.454271601,15.479151852681358,0.17422745800987335,0.7058693455040363,68.1311242368685,,,,,,,
전남,2017,1197280.0,450,446,4,0,0,1.325,5,0,0,5,0,,,85.339636,2024=100,419647,1402958.8783340955,14.154094761622305,3343188.1517897076,15.02243574525227,-0.34525825856230635,-0.2045484462105546,54.230135659208294,-845231.5130719936,-0.3759608244492848,-0.4715418632751742,-0.45671610742908797,1.466,,
전남,2018,1647546.0,399,396,3,0,0,1.24,5,0,1,4,1,23.45,원자료에 자체사업 일부 세부내역이 없어 세부사업 합계가 과소대표될 수 있음,86.797969,2024=100,411745,1898138.8838718105,14.456384956106328,4609986.48161316,15.34373569948393,-0.012232814747923008,0.43593081443168946,64.00948637867138,495180.00553771504,0.3529540410519394,0.30229019448402283,0.3212999542316588,1.325,1.466,0.14100000000000001
전남,2019,1540331.0,487,487,0,0,0,1.234,6,3,2,1,0,0.07,,87.068452,2024=100,400334,1769103.4635599128,14.385984023721699,4419068.736504801,15.301439765048507,-0.08979173720108495,0.35161810769585067,62.722132392454554,-129035.42031189776,-0.067979967856036,-0.0704009323846293,-0.042295934435422566,1.24,1.325,0.08499999999999996
전남,2020,1840688.0,499,499,0,0,0,1.145,6,5,1,0,0,1.54,,87.535014,2024=100,386773,2102801.9713345794,14.55878176096361,5436785.844240883,15.50869879069536,0.10057514927147707,0.764768205476503,69.03043924055764,333698.50777466665,0.18862577268554737,0.17279773724191116,0.20725902564685406,1.234,1.24,0.006000000000000005
전남,2021,1966392.42,524,524,0,0,0,1.017,8,8,0,0,0,0.0,,89.802171,2024=100,372163,2189693.632239693,14.599272654736922,5883695.134227994,15.587695716648655,0.14518294044483854,0.9222406609225947,71.43485491034549,86891.66090511344,0.041321846797568895,0.0404908937733115,0.07899692595329455,1.145,1.234,0.08899999999999997
전남,2022,2258897.4,552,547,5,0,0,0.969,7,6,1,0,0,0.0,,94.590336,2024=100,358232,2388084.7616399205,14.686002666434309,6666307.760445522,15.712576855475842,0.24073119561351763,1.1711786965829707,75.23584037191355,198391.12940022768,0.09060223150820712,0.08673001169738725,0.12488113882718643,1.017,1.145,0.1280000000000001
전남,2023,2712169.0,628,628,0,0,0,0.972,8,6,2,0,0,0.02,,97.706583,2024=100,347654,2775830.3654933874,14.836460851462988,7984462.613671603,15.893008163132205,0.4064871637493969,1.5308504270094851,80.7275966423508,387745.6038534669,0.16236676774705372,0.15045818502867903,0.18043130765636306,0.969,1.017,0.04799999999999993
전남,2024,2621833.0,468,466,2,0,0,1.028,8,5,3,0,0,0.19,,100.0,2024=100,338373,2621833.0,14.779384630851553,7748351.671084868,15.862990820166061,0.34360773845803005,1.4710138619051574,79.81396400510283,-153997.36549338745,-0.05547794541328732,-0.05707622061143525,-0.030017342966143445,0.972,0.969,-0.0030000000000000027
전북,2016,1401390.0,280,266,14,0,0,1.251,5,5,0,0,0,0.0,,83.786765,2024=100,444987,1672567.260473656,14.329870883588839,3758687.9177900837,15.139580762481755,-0.15161016114454506,0.028968406297201554,57.795658135749605,,,,,,,
전북,2017,1500137.7,318,318,0,0,0,1.151,5,0,0,5,0,,,85.339636,2024=100,435899,1757844.0339258069,14.379599204266706,4032686.5487780585,15.209943597206378,-0.09682573093119337,0.16922966611868975,59.937279475326825,85276.77345215087,0.05098555703404184,0.04972832067786648,0.07036283472462301,1.251,,
전북,2018,1629235.5,380,365,15,0,0,1.044,6,0,0,6,0,,,86.797969,2024=100,425428,1877043.3441823968,14.445208940320159,4412129.300803889,15.299868192193205,-0.024545148013044474,0.34848533469930365,62.674298703309056,119199.3102565899,0.06780994670521534,0.0656097360534531,0.0899245949868277,1.151,1.251,0.09999999999999987
전북,2019,1908798.0,373,373,0,0,0,0.971,5,4,1,0,0,0.0,,87.068452,2024=100,411844,2192295.78125496,14.600460310793535,5323121.816160877,15.487570684622309,0.14649135101378732,0.722651443310137,68.38736675764835,315252.43707256345,0.1679516022097407,0.15525137047337623,0.18770249242910353,1.044,1.151,0.10699999999999998
전북,2020,2018401.0,410,410,0,0,0,0.909,5,3,2,0,0,0.16,,87.535014,2024=100,400476,2305821.3025475726,14.650947918102837,5757701.591475077,15.566049097461315,0.20211226806009014,0.8790902948241431,70.7760005341291,113525.52129261242,0.051783852463386904,0.05048760730930191,0.07847841283900614,0.971,1.044,0.07300000000000006
전북,2021,2200038.999,473,473,0,0,0,0.85,8,7,1,0,0,0.0,,89.802171,2024=100,388760,2449872.8421610207,14.711547088199598,6301761.606546508,15.656339931047873,0.2688728374881002,1.0590760233518073,73.52416690255312,144051.53961344808,0.062472984985564084,0.06059917009676141,0.09029083358655754,0.909,0.971,0.061999999999999944
전북,2022,2540795.1,498,498,0,0,0,0.817,8,8,0,0,0,0.0,,94.590336,2024=100,374789,2686104.318310065,14.803602865389724,7166977.46814892,15.784994710666941,0.3702883534850638,1.315536433766621,77.44001001133542,236231.47614904447,0.0964260152950085,0.09205577719012581,0.1286547796190689,0.85,0.909,0.05900000000000005
전북,2023,2695319.0,403,403,0,0,0,0.78,8,6,2,0,0,0.01,,97.706583,2024=100,363812,2758584.854001086,14.830228734647342,7582446.027071912,15.841346532311688,0.3996213986458476,1.4278681430853473,79.1551805872617,72480.53569102101,0.02698351482366168,0.026625869257618007,0.05635182164474628,0.817,0.85,0.03300000000000003
전북,2024,2862745.0,419,419,0,0,0,0.808,8,5,3,0,0,0.01,,100.0,2024=100,353910,2862745.0,14.867291862016728,8088906.784210675,15.906004271788078,0.44045290647033036,1.5567568672486218,81.1231569368985,104160.1459989138,0.037758543424117885,0.037063127369385995,0.06465773947638986,0.78,0.817,0.03699999999999992
제주,2016,542630.0,130,117,13,1,0,1.432,6,5,1,0,0,0.0,,83.786765,2024=100,163482,647632.1170772018,13.381079637645495,3961488.831046854,15.192130732439006,-1.1968694237111452,0.13372150526815724,59.39511241434773,,,,,,,
제주,2017,542097.0,134,120,14,0,0,1.305,6,0,0,6,0,,,85.339636,2024=100,167063,635223.0047008871,13.361732978976965,3802296.1679180134,15.151115959922452,-1.2181831471033644,0.051962666429753834,58.14675293020917,-12409.112376314704,-0.019160742725851332,-0.019346658668530026,-0.04101477251655439,1.432,,
제주,2018,2211904.0,129,119,10,0,0,1.22,6,0,0,6,0,,,86.797969,2024=100,169441,2548336.125238138,14.75095159667012,15039666.463477775,16.52620176610043,0.31228378551465547,2.7930584209144174,100.0,1913113.1205372508,3.0117188867208844,1.389218617693155,1.3750858061779798,1.305,1.432,0.127
제주,2019,689085.0,135,135,0,0,0,1.145,6,5,1,0,0,0.0,,87.068452,2024=100,166985,791429.0241429813,13.581596745226193,4739521.658490172,15.371446983640295,-0.9759648096583472,0.4911704823935457,64.85292990576387,-1756907.1010951565,-0.6894330318889845,-1.1693548514439271,-1.1547547824601363,1.22,1.305,0.08499999999999996
제주,2020,816440.0,138,138,0,0,0,1.021,6,6,0,0,0,0.0,,87.535014,2024=100,165301,932701.0560596929,13.74584108912948,5642440.49376406,15.545827418770104,-0.7950209797873286,0.8387804048085544,70.16051682349318,141272.0319167116,0.17850246529648262,0.16424434390328635,0.17438043512980883,1.145,1.22,0.07499999999999996
제주,2021,704514.0,155,155,0,0,0,0.951,8,8,0,0,0,0.0,,89.802171,2024=100,161949,784517.7818696611,13.572825792066421,4844227.391769391,15.393298531959267,-0.9856275463994244,0.534729354179543,65.51802167425025,-148183.2741900318,-0.15887542233097685,-0.17301529706305807,-0.15252888681083654,1.021,1.145,0.12400000000000011
제주,2022,913167.7,160,160,0,0,0,0.919,8,8,0,0,0,0.0,,94.590336,2024=100,157259,965392.1728325398,13.780290730329929,6138867.555005054,15.630151008713563,-0.7570686834198976,1.0068710311232616,72.72705923696242,180874.3909628787,0.23055486458422814,0.20746493826350765,0.23685247675429544,0.951,1.021,0.06999999999999995
제주,2023,1002935.0,160,160,0,0,0,0.827,8,8,0,0,0,0.0,,97.706583,2024=100,152204,1026476.3838890978,13.841643482942297,6744082.835464887,15.724176209705318,-0.689477911238738,1.194300846844673,75.58888789537367,61084.211056558066,0.06327398623642444,0.06135275261236828,0.09402520099175504,0.919,0.951,0.03199999999999992
제주,2024,1047248.0,156,156,0,0,0,0.826,8,8,0,0,0,0.0,,100.0,2024=100,147597,1047248.0,13.861677283926992,7095320.365590086,15.774946162207321,-0.667407180576749,1.2955056593977428,77.1341640928598,20771.616110902163,0.02023584413330881,0.020033800984695205,0.050769952502003335,0.827,0.919,0.09200000000000008
충남,2016,1317305.0,421,420,1,0,0,1.395,6,2,4,0,2,72.29,,83.786765,2024=100,540833,1572211.3152357654,14.267994303433978,2907018.0910480046,14.882638746787425,-0.21977802084956086,-0.48321975331012706,49.97515877698234,,,,,,,
충남,2017,1301513.7999999998,420,420,0,0,0,1.276,6,0,0,6,0,,,85.339636,2024=100,540722,1525098.8415277514,14.237570435734854,2820486.019669537,14.852420130013495,-0.2532952246091633,-0.5434575375802205,49.05540000391935,-47112.473708014004,-0.029965738861858493,-0.030423867699123974,-0.03021861677392934,1.395,,
충남,2018,1308334.9,465,463,2,0,0,1.186,6,0,0,6,0,,,86.797969,2024=100,537386,1507333.5414103987,14.225853444618052,2804936.3798282775,14.846891772207842,-0.2662035366816167,-0.5544777648578685,48.887134340721694,-17765.300117352745,-0.01164862213098039,-0.011716991116802689,-0.005528357805653528,1.276,1.395,0.119
충남,2019,1809236.0,454,454,0,0,0,1.112,5,3,2,0,0,0.11,,87.068452,2024=100,524990,2077946.6712007239,14.546891268033916,3958069.051221402,15.19126710362911,0.08747569465025674,0.13199994778162108,59.368826294750875,570613.1297903252,0.3785579728136399,0.32103782341586395,0.3443753314212685,1.186,1.276,0.09000000000000008
충남,2020,1425058.0,545,537,8,0,0,1.029,6,2,4,0,0,0.29,,87.535014,2024=100,511798,1627986.259304191,14.302854999533773,3180915.633324458,14.972679962693562,-0.18137287572029628,-0.3037316126136888,52.71572757556404,-449960.41189653287,-0.21654088535223426,-0.24403626850014248,-0.21858714093554887,1.112,1.186,0.07399999999999984
충남,2021,1253034.0,624,624,0,0,0,0.963,8,5,3,0,0,0.0,,89.802171,2024=100,497862,1395327.068429114,14.148640120089572,2802638.2178778737,14.84607210901144,-0.35126749885667785,-0.5561116812997895,48.86218639484158,-232659.19087507692,-0.14291225711850697,-0.15421487944420065,-0.12660785368212224,1.029,1.112,0.08300000000000018
충남,2022,1666990.0,622,622,0,0,0,0.909,8,8,0,0,0,0.0,,94.590336,2024=100,484574,1762325.9103340113,14.38214560194326,3636856.1052264697,15.106630434010173,-0.0940204291654194,-0.03671477149180559,56.79275472975417,366998.84190489724,0.26301994006184626,0.2335054818536868,0.2605583249987333,0.963,1.029,0.06599999999999995
충남,2023,1693900.0,660,660,0,0,0,0.842,8,4,4,0,0,0.01,,97.706583,2024=100,476757,1733660.0544100495,14.365745946864045,3636359.9368442404,15.10649399691173,-0.11208751341365375,-0.03698674517491248,56.788602017563456,-28665.855923961848,-0.016265922072568717,-0.016399655079213815,-0.0001364370984422436,0.909,0.963,0.05399999999999994
충남,2024,1060854.0,106,106,0,0,0,0.883,8,0,8,0,6,96.58,,100.0,2024=100,472607,1060854.0,13.874585744731833,2244685.330517745,14.624076350251093,-0.6531862565542865,-0.9986379797443443,42.105340168883295,-672806.0544100495,-0.3880841879574828,-0.4911602021322121,-0.4824176466606378,0.842,0.909,0.06700000000000006
충북,2016,1198606.0,380,378,2,0,0,1.358,6,2,4,0,1,41.86,,83.786765,2024=100,410724,1430543.3561016468,14.17356559840273,3482979.7043796973,15.063399009390128,-0.3238077312922892,-0.12289228416332379,55.476927391799975,,,,,,,
충북,2017,1184144.7,399,389,10,0,0,1.235,6,0,0,6,0,,,85.339636,2024=100,407345,1387567.0854747964,14.143063194011269,3406368.276214993,15.041157553651072,-0.3574114569348323,-0.16722839731784736,54.799968079111046,-42976.270626850426,-0.030041921094907886,-0.030502404391461013,-0.022241455739056448,1.358,,
충북,2018,1087783.0,416,400,16,0,0,1.172,6,0,0,6,0,,,86.797969,2024=100,406509,1253235.5451773303,14.04123999912344,3082922.014462977,14.941388735574664,-0.4695874893926441,-0.36610753811802305,51.76332194833684,-134331.5402974661,-0.09681084374489946,-0.10182319488782987,-0.09976881807640758,1.235,1.358,0.123
충북,2019,1216343.0,422,422,0,0,0,1.05,6,2,3,1,0,0.11,,87.068452,2024=100,400285,1396996.2392348496,14.149835662027304,3490003.970258315,15.065413718320379,-0.3499504006124188,-0.11887616380892817,55.53824873644091,143760.69405751931,0.1147116315131147,0.10859566290386446,0.1240249827457145,1.172,1.235,0.06300000000000017
충북,2020,1730007.0,467,467,0,0,0,0.983,6,4,2,0,0,0.9,,87.535014,2024=100,393886,1976359.996926487,14.496767831356298,5017593.9153117575,15.428461276327074,0.03225597515668233,0.6048227613469994,66.58826399735892,579363.7576916374,0.41472105752336264,0.3469321693289942,0.36304755800669497,1.05,1.172,0.12199999999999989
충북,2021,1856518.64,438,438,0,0,0,0.949,7,5,2,0,0,0.36,,89.802171,2024=100,385022,2067342.7149105337,14.541775111685709,5369414.513743458,15.496229617682918,0.0818393549026395,0.7399121586372572,68.6509171943689,90982.71798404679,0.04603549865689316,0.04500728032941126,0.06776834135584409,0.983,1.05,0.06700000000000006
충북,2022,1864639.7,492,492,0,0,0,0.871,8,8,0,0,0,0.0,,94.590336,2024=100,375742,1971279.2858670047,14.494193780929317,5246363.956829432,15.473046005580374,0.02942020905679575,0.6936979511875166,67.94528163261809,-96063.42904352909,-0.0464671040513408,-0.04758133075639215,-0.02318361210254416,0.949,0.983,0.03400000000000003
충북,2023,1875132.0,484,484,0,0,0,0.886,8,6,2,0,0,0.82,,97.706583,2024=100,369437,1919146.0211027951,14.467391385449028,5194785.636259484,15.463166110692141,-0.00010731056833542436,0.6740033708120837,67.64456899350643,-52133.26476420951,-0.02644641230594591,-0.02680239548028851,-0.009879894888232599,0.871,0.949,0.07799999999999996
충북,2024,2209471.0,501,501,0,0,0,0.882,8,5,3,0,0,0.0,,100.0,2024=100,363020,2209471.0,14.608264130922283,6086361.632967881,15.621561192443425,0.15508862181266297,0.989748093191611,72.46561249594961,290324.97889720486,0.15127821213436166,0.14087274547325457,0.15839508175128358,0.886,0.871,-0.015000000000000013
