지역,연도,지표체계내_실질인구1인당예산_원,예산결측_사업수,log1p_지표체계내_실질인구1인당예산,종합재정대응지수_z,종합재정대응점수_0_100,연도별_종합재정대응순위,예산누락주의
강원,2016,331659.9126427558,1,12.711868378506315,-0.5022838453950066,40.89484566109928,7.0,True
강원,2017,415845.5007999148,0,12.938071482688663,-0.04366047937521104,46.65294050089931,7.0,False
강원,2018,345468.4853737405,0,12.752659598097626,-0.419580265792762,41.93320325520434,9.0,False
강원,2019,557873.8182406225,0,13.231889876124882,0.5520518610161049,54.13221087253661,2.0,False
강원,2020,323314.21640087414,0,12.686383028491745,-0.5539550063639233,40.246105393189005,15.0,False
강원,2021,569904.0579240681,0,13.25322506089174,0.595308624833736,54.67530694434469,6.0,False
강원,2022,599745.5085036576,0,13.304262359098765,0.6987859735680519,55.97448276470082,4.0,False
강원,2023,769231.3801068673,0,13.553148387633518,1.2033986249925548,62.309980952422514,3.0,False
강원,2024,680269.5540682819,0,13.430245871651392,0.9542156362101091,59.181445888179375,3.0,False
경기,2016,243947.6515046121,0,12.404713037475526,-1.1250366449363474,33.07607769768236,13.0,False
경기,2017,277419.8565220445,4,12.533290969768519,-0.8643468355845644,36.34908286321542,13.0,True
경기,2018,368463.60297857487,54,12.817099928951825,-0.28892847146567036,43.5735588900565,8.0,True
경기,2019,426441.04927622934,0,12.963231761596973,0.007351604851642795,47.29340594753207,9.0,False
경기,2020,500440.8711296527,7,13.12324672939336,0.3317795273136156,51.36665403000046,8.0,True
경기,2021,434944.640471434,0,12.98297633782863,0.04738343396702655,47.79601241230409,11.0,False
경기,2022,309339.6437233285,0,12.642198355547256,-0.6435387612179235,39.12136602146571,15.0,False
경기,2023,398415.19434851554,0,12.895252452331603,-0.13047541457710995,45.5629641337073,14.0,False
경기,2024,502196.14397848514,13,13.126748038669309,0.3388783788144223,51.45578132534532,13.0,True
경남,2016,180999.93516569235,0,12.1062574768959,-1.7301507714428153,25.478766292539955,16.0,False
경남,2017,284312.5322991917,3,12.557832895166852,-0.8145884537291281,36.973807862042065,12.0,True
경남,2018,320305.6189609651,0,12.677034000263426,-0.5729100194287731,40.00812196058662,14.0,False
경남,2019,515680.30173760396,0,13.153244221358838,0.3925989877144285,52.13025276273102,3.0,False
경남,2020,559018.8361829007,4,13.233940236629122,0.5562089358688475,54.18440365866955,5.0,True
경남,2021,622851.3674251235,0,13.3420647992625,0.7754298481705798,56.93675972560046,4.0,False
경남,2022,472037.7844489604,0,13.064816431634599,0.21331298401604956,49.87928630695859,12.0,False
경남,2023,580443.1392051029,0,13.271548846730287,0.632459822956666,55.14174659407418,6.0,False
경남,2024,567983.3229049863,0,13.249849096802997,0.5884639088006032,54.589370363284026,9.0,False
경북,2016,282229.1778695981,1,12.550478250562914,-0.8294998842169173,36.78659230063068,10.0,True
경북,2017,343534.7668951498,0,12.747046510100633,-0.43096071665019625,41.79031974727168,9.0,False
경북,2018,532706.9752887955,0,13.185728664238102,0.45846070340757894,52.95715787348533,3.0,False
경북,2019,389742.8661870951,0,12.873245048982444,-0.1750950913840659,45.002756456097195,12.0,False
경북,2020,417051.7308980714,0,12.94096794577941,-0.037787944349523775,46.72667118305233,11.0,False
경북,2021,504867.9757848411,0,13.13205422070211,0.34963658248007556,51.59085241330651,8.0,False
경북,2022,543018.9577714707,3,13.20490135288423,0.49733303910925164,53.445206700036195,9.0,True
경북,2023,474237.18815389654,0,13.069464981116816,0.22273784765065982,49.99761708266949,12.0,False
경북,2024,663301.182278153,0,13.404985945540126,0.9030015187892386,58.53844388022389,4.0,False
광주,2016,297129.93931134883,0,12.60192819373103,-0.7251859040768965,38.0962721714494,9.0,False
광주,2017,289545.8309565782,3,12.57607232787492,-0.7776082803000207,37.43810026747494,11.0,True
광주,2018,335625.39139327605,0,12.723753889914963,-0.47818615111797863,41.19739633633384,11.0,False
광주,2019,481286.47664567694,0,13.084220035101602,0.2526534960179391,50.373213167072805,4.0,False
광주,2020,87018.7961673885,0,11.373890913906822,-3.2150128801769116,6.836068428455684,17.0,False
광주,2021,187827.9625221878,0,12.143287053898561,-1.6550738651879853,26.42136969769534,16.0,False
광주,2022,200954.83592786998,6,12.210840441146962,-1.5181103961945392,28.14096948803449,17.0,True
광주,2023,215030.34919590355,0,12.278539106694028,-1.3808523776519854,29.86426739836586,17.0,False
광주,2024,246588.735478429,0,12.415481244671007,-1.1032042680207372,33.35018692580423,17.0,False
대구,2016,66524.47931864567,2,11.105340300910436,-3.759495178615206,0.0,17.0,True
대구,2017,127787.81953351013,0,11.758134333010275,-2.4359651704773877,16.617145734022433,17.0,False
대구,2018,295603.3321999133,0,12.596777123564195,-0.7356296207847534,37.965149521058215,16.0,False
대구,2019,396145.8872492235,0,12.889540348857086,-0.1420566178148184,45.417560145287645,11.0,False
대구,2020,390063.39045792934,0,12.874067108215987,-0.17342837874491682,45.023682318488824,13.0,False
대구,2021,423636.1846764405,0,12.956632671379015,-0.006027950567667758,47.1254233397392,12.0,False
대구,2022,521074.01395057695,0,13.163649291082557,0.41369510890875016,52.395118174284384,10.0,False
대구,2023,548440.0960753051,0,13.214835162001352,0.5174736865648232,53.69807597529932,9.0,False
대구,2024,551892.0270482381,0,13.22110951489994,0.5301948419899354,53.85779225849991,10.0,False
대전,2016,395349.5746843979,0,12.887528181107218,-0.14613625743681483,45.36633957172741,4.0,False
대전,2017,452355.7234711044,3,13.02222635877021,0.1269622566610947,48.79513814872,5.0,True
대전,2018,441149.48828182416,2,12.997141339488183,0.07610276018610063,48.15658846742258,4.0,True
대전,2019,185659.50542419183,0,12.131675045260849,-1.6786170367413937,26.12578115014551,16.0,False
대전,2020,535518.1928940801,0,13.190992009299709,0.4691320557632567,53.0911385283878,7.0,False
대전,2021,563932.3311933363,0,13.242691316389172,0.5739516174751362,54.40716606235612,7.0,False
대전,2022,585214.3133390592,0,13.27973511548748,0.6490573588133796,55.350131496917996,5.0,False
대전,2023,329178.7961889736,0,12.704359373450208,-0.5175082393605087,40.703700789671046,16.0,False
대전,2024,619357.0263702987,0,13.33643877924333,0.7640231778341444,56.79354702762228,7.0,False
부산,2016,275223.67356826423,1,12.525343037883815,-0.8804611470438832,36.14676492537004,12.0,True
부산,2017,823047.7775990649,6,13.620770745945531,1.34050193177234,64.03133643009812,2.0,True
부산,2018,390422.00966587826,1,12.874986070477593,-0.17156519668476647,45.04707488808087,7.0,True
부산,2019,385871.1113672952,0,12.863261275847824,-0.19533704012799705,44.74861532582409,13.0,False
부산,2020,612513.9775612487,0,13.325328674263268,0.7414976083411545,56.510734648072614,3.0,False
부산,2021,449829.6981562987,0,13.016626564636288,0.11560875890959321,48.65259304164453,9.0,False
부산,2022,629735.752175317,0,13.353057157352563,0.7977166876283416,57.216574808706476,3.0,False
부산,2023,590529.0610029193,0,13.28877582103408,0.6673872523131297,55.580266446410384,5.0,False
부산,2024,529446.843474465,0,13.179589937707355,0.4460145283880862,52.80089401633179,12.0,False
서울,2016,278599.2823995133,1,12.537533353965209,-0.8557454659116409,36.45707453132144,11.0,True
서울,2017,331061.87663643865,2,12.710063595945858,-0.5059430146880305,40.848904164469985,10.0,True
서울,2018,437352.93684675725,0,12.98849807040062,0.05857866308459871,47.9365704295977,5.0,False
서울,2019,397675.2233290018,0,12.893393443964763,-0.13424452587087674,45.51564229644545,10.0,False
서울,2020,404552.97094733553,1,12.910540432902398,-0.09947926563226092,45.95212608775677,12.0,True
서울,2021,449643.79538572044,0,13.016213206463531,0.11477068147804351,48.642070836079995,10.0,False
서울,2022,461550.18652949244,0,13.042348240164625,0.1677590662765738,49.307349074573814,13.0,False
서울,2023,455103.3979587442,0,13.02828211767754,0.13924021608133808,48.94929003023998,13.0,False
서울,2024,497679.9829572512,0,13.117714554265818,0.3205631260729025,51.22583019307784,14.0,False
세종,2016,211572.2101806371,0,12.262326364999451,-1.4137234657621756,29.4515652622568,14.0,False
세종,2017,190280.70678563666,0,12.15626092036954,-1.6287695475141868,26.75162490727275,16.0,False
세종,2018,333138.9630266839,2,12.716317990046774,-0.49326232542275855,41.00811238810925,12.0,True
세종,2019,320928.4562565926,0,12.678976615520329,-0.5689713964323176,40.05757204628249,14.0,False
세종,2020,380538.878312081,0,12.849346255817395,-0.22354953238205577,44.39440265786556,14.0,False
세종,2021,310905.3723542994,0,12.64724709231251,-0.6333025239310914,39.249883732222145,15.0,False
세종,2022,355427.72129977914,0,12.781080005449171,-0.3619583205487565,42.65665663798385,14.0,False
세종,2023,548916.4776079718,0,13.215703395182404,0.5192340161828602,53.72017721488057,8.0,False
세종,2024,540665.7537402256,0,13.200558386037878,0.48852773963829227,53.33465465841947,11.0,False
울산,2016,393890.22446232487,0,12.8838300701181,-0.15363412142888905,45.27220260627585,5.0,False
울산,2017,1826634.7673587142,0,14.41798645443348,2.9568447003307337,84.32479647718706,1.0,False
울산,2018,633044.5969969813,0,13.358297731702635,0.8083418727114321,57.34997582560152,2.0,False
울산,2019,299921.2539487564,0,12.61127856654812,-0.7062281648786884,38.33428983112261,15.0,False
울산,2020,460368.8464815854,0,13.039785459509496,0.16256306733272963,49.242112418696884,10.0,False
울산,2021,580634.3238671942,0,13.27187816900305,0.6331275188743953,55.150129630577105,5.0,False
울산,2022,544509.770136983,0,13.207643001025435,0.5028916891706927,53.51499650275125,8.0,False
울산,2023,605119.2397721204,0,13.313182460691113,0.7168713443780989,56.20154768998138,4.0,False
울산,2024,623348.3205212153,0,13.342862347728756,0.7770468656004703,56.957061656136034,6.0,False
인천,2016,207796.63435298053,0,12.244319973333091,-1.450231152010546,28.99320501422987,15.0,False
인천,2017,219551.91613832448,0,12.299348558244285,-1.3386615299644529,30.39398071076147,14.0,False
인천,2018,298242.6779190394,3,12.605666142481649,-0.7176072696270516,38.19142322381969,15.0,True
인천,2019,478635.2845962945,0,13.078696265615882,0.24145413708864677,50.23260329928634,5.0,False
인천,2020,640275.95555044,0,13.369656104777148,0.8313708020038546,57.639107973567775,2.0,False
인천,2021,712976.3971702155,0,13.477204997870404,1.0494245530362474,60.37681013103801,1.0,False
인천,2022,1014991.0335307604,6,13.830391321689056,1.7655044726614542,69.36731605720216,1.0,True
인천,2023,901352.0825683271,0,13.711652338370335,1.5247629832630527,66.34476546223121,1.0,False
인천,2024,913089.0000364118,0,13.724589730881348,1.5509933505357185,66.67409221186803,1.0,False
전남,2016,630752.9282207243,8,13.354671094340787,0.8009889204155926,57.2576582512934,2.0,True
전남,2017,203446.44566436138,2,12.223162998248348,-1.4931265983981428,28.454645344584346,15.0,True
전남,2018,340593.4338581306,3,12.73844770491081,-0.4483946638728048,41.57143355660273,10.0,True
전남,2019,132718.13642062614,0,11.795990418066681,-2.3592125316678647,17.580788248152587,17.0,False
전남,2020,131292.62213182478,0,11.785191484334437,-2.381107206171157,17.305896863157024,16.0,False
전남,2021,146084.68022206306,0,11.89194857939691,-2.1646588136478697,20.023443469837233,17.0,False
전남,2022,285420.08257344726,5,12.561720851560956,-0.8067056810552182,37.07277742185948,16.0,True
전남,2023,373848.1404259672,0,12.83160762717697,-0.2595143331528206,43.942858429908284,15.0,False
전남,2024,290885.77435727144,1,12.5806893788821,-0.7682472793462444,37.55562923629982,16.0,True
전북,2016,405137.30925043207,13,12.911983792111402,-0.09655287670757381,45.98886740146856,3.0,True
전북,2017,427092.9753611376,0,12.96475935080906,0.010448768831225922,47.33229137128103,6.0,False
전북,2018,421373.8628021926,14,12.951278126940801,-0.01688420827745025,46.98912116647501,6.0,True
전북,2019,473348.25983018306,0,13.067588787871824,0.21893389427684362,49.94985779713046,6.0,False
전북,2020,474991.2759213681,0,13.071053821666391,0.22595919778884055,50.03806168489032,9.0,False
전북,2021,418714.7075579719,0,12.944947466369175,-0.02971952665640331,46.827971547853416,13.0,False
전북,2022,560862.8255246407,0,13.23723341978967,0.5628858148244626,54.268233016501796,6.0,False
전북,2023,551338.4513856741,0,13.220105962666217,0.5281601550431306,53.832246415708084,7.0,False
전북,2024,579917.6391421127,0,13.270643095341631,0.6306234257412348,55.11869031279099,8.0,False
제주,2016,659922.9414574536,9,13.399879867145964,0.8926490222187066,58.408466514266365,1.0,True
제주,2017,583320.0055629599,11,13.276492923687636,0.6424838640689067,55.267600145547725,3.0,True
제주,2018,3381319.542194437,8,15.033776884115515,4.205350465290919,100.0,1.0,True
제주,2019,689396.4301478834,0,13.443573205393148,0.9812366034192339,59.52069875530553,1.0,False
제주,2020,805934.4256298556,0,13.599758901194674,1.2979007349375018,63.496471113939336,1.0,False
제주,2021,646056.2715513111,0,13.378643434487243,0.8495924768039088,57.86788421876714,2.0,False
제주,2022,794500.7785996173,0,13.585470503596575,1.2689312253228735,63.13275396347837,2.0,False
제주,2023,825975.0946066974,0,13.624321110930193,1.347700242979209,64.1217124590721,2.0,False
제주,2024,885862.6903432144,0,13.694318369380253,1.4896186238014533,65.90352201530405,2.0,False
충남,2016,382013.74410366616,1,12.85321448397388,-0.21570675841097273,44.49287002712442,6.0,True
충남,2017,359837.70728849183,0,12.79341117472474,-0.3369570616997068,42.970551721037694,8.0,False
충남,2018,271382.72237728344,2,12.511289048081972,-0.9089553984036398,35.78901472362498,17.0,True
충남,2019,464026.296422768,0,13.04769865797541,0.17860695731177556,49.44354620280695,7.0,False
충남,2020,548949.8963354663,5,13.215764274479591,0.5193574480353892,53.721726922910676,6.0,True
충남,2021,412374.54779085214,0,12.929689736910364,-0.06065434193010836,46.43957964854055,14.0,False
충남,2022,500133.99351574184,0,13.122633327995873,0.3305358652752288,51.35103964029363,11.0,False
충남,2023,525079.8040114852,0,13.17130744213329,0.42922189411831263,52.590059619526855,11.0,False
충남,2024,469745.48974198883,0,13.059948444638934,0.2034432141481144,49.75536965735614,15.0,False
충북,2016,325945.87608514284,2,12.694489690275903,-0.5375188724387344,40.4524638671635,8.0,True
충북,2017,496163.0779643354,9,13.114661953351481,0.3143740239758779,51.14812495717336,4.0,True
충북,2018,329827.80702405836,13,12.706329032242957,-0.5135147860049222,40.75383927990835,13.0,True
충북,2019,441018.889426333,0,12.996845254151959,0.07550245165355873,48.149051491071994,8.0,False
충북,2020,611818.5604547389,0,13.324192682163556,0.7391944015729488,56.481817492974095,4.0,False
충북,2021,636354.8464369305,0,13.363513192832896,0.8189161411219019,57.48273757495895,3.0,False
충북,2022,560683.6001601205,0,13.23691381635224,0.5622378236981028,54.2600973770264,7.0,False
충북,2023,534732.5499576856,0,13.189523864354024,0.46615541413303335,53.0537662833588,10.0,False
충북,2024,636491.7290785374,0,13.363728273628473,0.8193522141757639,57.488212546770825,5.0,False
