세부영역,순위,단어,평균_TFIDF,등장문서수,분석문서수,중복제거
1-1. 고용여건,1,청년,0.13885697655453863,1349,3483,False
1-1. 고용여건,2,일자리,0.08442866723755639,638,3483,False
1-1. 고용여건,3,창업,0.07449885135841619,496,3483,False
1-1. 고용여건,4,취업,0.07199282174603658,521,3483,False
1-1. 고용여건,5,여성,0.045695702426210676,398,3483,False
1-1. 고용여건,6,대학,0.029963096077510402,221,3483,False
1-1. 고용여건,7,인턴,0.02677595170735503,146,3483,False
1-1. 고용여건,8,기업,0.02409848208602109,172,3483,False
1-1. 고용여건,9,경력,0.02206142395630782,166,3483,False
1-1. 고용여건,10,단절,0.021579881815910702,154,3483,False
1-1. 고용여건,11,채용,0.020741933158593875,145,3483,False
1-1. 고용여건,12,육성,0.019825341195545396,156,3483,False
1-1. 고용여건,13,박람회,0.0180794936772064,106,3483,False
1-1. 고용여건,14,정착,0.01804396862168043,126,3483,False
1-1. 고용여건,15,맞춤,0.01751857132508856,147,3483,False
1-1. 고용여건,16,교육,0.015835678254379325,167,3483,False
1-1. 고용여건,17,고용,0.015649867612355872,112,3483,False
1-1. 고용여건,18,양성,0.015625160488392097,129,3483,False
1-1. 고용여건,19,인력,0.014717455101337451,112,3483,False
1-1. 고용여건,20,창출,0.014370698391005889,97,3483,False
1-2. 주거안정성,1,주택,0.16360547483549664,369,959,False
1-2. 주거안정성,2,이자,0.15006998941183233,357,959,False
1-2. 주거안정성,3,신혼부부,0.13383571466555536,310,959,False
1-2. 주거안정성,4,청년,0.1255632030377367,360,959,False
1-2. 주거안정성,5,대출,0.12223397228008363,293,959,False
1-2. 주거안정성,6,자금,0.10625572284651587,243,959,False
1-2. 주거안정성,7,전세,0.09290131486076247,205,959,False
1-2. 주거안정성,8,주거,0.08790884056365704,165,959,False
1-2. 주거안정성,9,보증금,0.06055249491080297,122,959,False
1-2. 주거안정성,10,월세,0.05581761076569719,76,959,False
1-2. 주거안정성,11,임대,0.05189538862485127,99,959,False
1-2. 주거안정성,12,복지,0.037001137577089775,73,959,False
1-2. 주거안정성,13,임차,0.03660049958773059,64,959,False
1-2. 주거안정성,14,주거비,0.03483478158853491,49,959,False
1-2. 주거안정성,15,부모,0.03165991426399796,60,959,False
1-2. 주거안정성,16,행복,0.03053623724200471,68,959,False
1-2. 주거안정성,17,가족,0.026446965339315266,61,959,False
1-2. 주거안정성,18,보금자리,0.025611649114048837,40,959,False
1-2. 주거안정성,19,시설,0.025295126526751532,54,959,False
1-2. 주거안정성,20,공급,0.024760154839529532,47,959,False
1-3. 경제적 여건,1,출산,0.18748827289267703,2053,4734,False
1-3. 경제적 여건,2,장려금,0.13035741074526674,925,4734,False
1-3. 경제적 여건,3,축하금,0.07029584450677778,543,4734,False
1-3. 경제적 여건,4,지원금,0.06385365210313185,527,4734,False
1-3. 경제적 여건,5,가정,0.050834293949349504,641,4734,False
1-3. 경제적 여건,6,다자녀,0.05001807475035015,623,4734,False
1-3. 경제적 여건,7,지급,0.04295720970294649,419,4734,False
1-3. 경제적 여건,8,양육비,0.04139963396045252,327,4734,False
1-3. 경제적 여건,9,장애인,0.03695875229325427,310,4734,False
1-3. 경제적 여건,10,자녀,0.03629809856598813,392,4734,False
1-3. 경제적 여건,11,부모,0.034641276901158966,327,4734,False
1-3. 경제적 여건,12,수당,0.02805261785715946,240,4734,False
1-3. 경제적 여건,13,감면,0.026161778809823077,303,4734,False
1-3. 경제적 여건,14,요금,0.02503866668022916,268,4734,False
1-3. 경제적 여건,15,양육,0.021918325545075473,194,4734,False
1-3. 경제적 여건,16,가족,0.02171816830459305,258,4734,False
1-3. 경제적 여건,17,결혼,0.021327511682782692,192,4734,False
1-3. 경제적 여건,18,포인트,0.020646771040923564,166,4734,False
1-3. 경제적 여건,19,카드,0.019836973746661615,192,4734,False
1-3. 경제적 여건,20,아동,0.01907174220091025,186,4734,False
2-1. 돌봄 여건,1,어린이집,0.07772714073476421,2825,14403,False
2-1. 돌봄 여건,2,보육,0.04428430911614763,1511,14403,False
2-1. 돌봄 여건,3,아동,0.03647084266227726,1182,14403,False
2-1. 돌봄 여건,4,돌봄,0.036146735691427234,1066,14403,False
2-1. 돌봄 여건,5,육아,0.028542164383563256,840,14403,False
2-1. 돌봄 여건,6,교육,0.02229718967534274,882,14403,False
2-1. 돌봄 여건,7,용품,0.021302770799535454,583,14403,False
2-1. 돌봄 여건,8,방과,0.020159061073396614,523,14403,False
2-1. 돌봄 여건,9,아이,0.01985301612165277,528,14403,False
2-1. 돌봄 여건,10,교사,0.019255419936399863,551,14403,False
2-1. 돌봄 여건,11,가족,0.01922828840559794,678,14403,False
2-1. 돌봄 여건,12,다문화,0.019177917685452697,625,14403,False
2-1. 돌봄 여건,13,출산,0.018764349288732985,768,14403,False
2-1. 돌봄 여건,14,학교,0.01608046307532027,505,14403,False
2-1. 돌봄 여건,15,유치원,0.016068725322604602,466,14403,False
2-1. 돌봄 여건,16,교실,0.01602508217409857,506,14403,False
2-1. 돌봄 여건,17,교직원,0.015769346513153138,438,14403,False
2-1. 돌봄 여건,18,환경,0.015673236123254122,437,14403,False
2-1. 돌봄 여건,19,보육료,0.015391537621745378,374,14403,False
2-1. 돌봄 여건,20,가정,0.014951082161330035,518,14403,False
2-2. 여가 인프라,1,청소년,0.06769586411366693,570,3673,False
2-2. 여가 인프라,2,평생,0.050789158111724686,371,3673,False
2-2. 여가 인프라,3,문화,0.04966087227900109,403,3673,False
2-2. 여가 인프라,4,가족,0.045891834515702924,430,3673,False
2-2. 여가 인프라,5,행사,0.041446876485543266,313,3673,False
2-2. 여가 인프라,6,학습,0.037458839511746674,291,3673,False
2-2. 여가 인프라,7,어린이날,0.035980639520104926,197,3673,False
2-2. 여가 인프라,8,어린이,0.030987482410309124,246,3673,False
2-2. 여가 인프라,9,다문화,0.028139048347986494,235,3673,False
2-2. 여가 인프라,10,축제,0.026263060282912146,172,3673,False
2-2. 여가 인프라,11,체험,0.024753693705006772,189,3673,False
2-2. 여가 인프라,12,교육,0.023817820967612997,242,3673,False
2-2. 여가 인프라,13,마당,0.023209019193313724,154,3673,False
2-2. 여가 인프라,14,동아리,0.02095833951303729,123,3673,False
2-2. 여가 인프라,15,도서관,0.019656758884504355,131,3673,False
2-2. 여가 인프라,16,활동,0.019527720922475504,148,3673,False
2-2. 여가 인프라,17,아동,0.0169219206952993,181,3673,False
2-2. 여가 인프라,18,활성,0.01664874372425322,156,3673,False
2-2. 여가 인프라,19,다자녀,0.016353567176570365,176,3673,False
2-2. 여가 인프라,20,대회,0.015739263109436314,134,3673,False
2-3. 가사수행 격차,1,아빠,0.33127848136452837,106,194,False
2-3. 가사수행 격차,2,육아,0.10336517239172677,50,194,False
2-3. 가사수행 격차,3,캠프,0.08894290128921191,26,194,False
2-3. 가사수행 격차,4,아버지,0.08482682593306111,23,194,False
2-3. 가사수행 격차,5,교실,0.04676397213855228,22,194,False
2-3. 가사수행 격차,6,남성,0.03984993606454453,13,194,False
2-3. 가사수행 격차,7,행복,0.03552581071124194,16,194,False
2-3. 가사수행 격차,8,참여,0.03457706766519768,13,194,False
2-3. 가사수행 격차,9,가족,0.029546914905650708,16,194,False
2-3. 가사수행 격차,10,학교,0.028372735630538458,13,194,False
2-3. 가사수행 격차,11,문화,0.026088233261208252,12,194,False
2-3. 가사수행 격차,12,돌봄,0.02351829419444108,7,194,False
2-3. 가사수행 격차,13,부부,0.023107541080984454,10,194,False
2-3. 가사수행 격차,14,역할,0.021387460471772774,6,194,False
2-3. 가사수행 격차,15,아카데미,0.02073168191175329,8,194,False
2-3. 가사수행 격차,16,부평구,0.019222033055435784,5,194,False
2-3. 가사수행 격차,17,교육,0.018691122423140707,11,194,False
2-3. 가사수행 격차,18,토요일,0.018329483252491,5,194,False
2-3. 가사수행 격차,19,가정,0.018007304317349572,9,194,False
2-3. 가사수행 격차,20,예비,0.01800417670562938,7,194,False
3-1. 의료서비스 여건,1,건강,0.1298937273478633,1734,5216,False
3-1. 의료서비스 여건,2,임산부,0.09217329011218987,988,5216,False
3-1. 의료서비스 여건,3,난임,0.05883249127627893,567,5216,False
3-1. 의료서비스 여건,4,검사,0.05436971133938422,644,5216,False
3-1. 의료서비스 여건,5,검진,0.05281767656362099,563,5216,False
3-1. 의료서비스 여건,6,부부,0.05177509850744134,544,5216,False
3-1. 의료서비스 여건,7,영유아,0.04900599577483477,496,5216,False
3-1. 의료서비스 여건,8,의료비,0.0375365491441483,376,5216,False
3-1. 의료서비스 여건,9,예비,0.029981096511609625,297,5216,False
3-1. 의료서비스 여건,10,영양제,0.02558595051729784,190,5216,False
3-1. 의료서비스 여건,11,예방,0.025297401912537817,318,5216,False
3-1. 의료서비스 여건,12,시술,0.02455684696119288,232,5216,False
3-1. 의료서비스 여건,13,보험료,0.024301505687621232,223,5216,False
3-1. 의료서비스 여건,14,출생아,0.023277111322628358,213,5216,False
3-1. 의료서비스 여건,15,선천,0.022622806493731,248,5216,False
3-1. 의료서비스 여건,16,기형아,0.021761587483146046,203,5216,False
3-1. 의료서비스 여건,17,보건,0.021556400149306543,211,5216,False
3-1. 의료서비스 여건,18,산전,0.020597777390368346,197,5216,False
3-1. 의료서비스 여건,19,모자,0.020395545484213868,183,5216,False
3-1. 의료서비스 여건,20,접종,0.020366522318484123,205,5216,False
3-2. 산후조리 여건,1,산모,0.3409179081745491,714,1071,False
3-2. 산후조리 여건,2,신생아,0.32548998979780747,684,1071,False
3-2. 산후조리 여건,3,건강,0.2525674741989178,694,1071,False
3-2. 산후조리 여건,4,관리사,0.0875043303634555,160,1071,False
3-2. 산후조리 여건,5,산후,0.07418951748760791,140,1071,False
3-2. 산후조리 여건,6,산후조리,0.07146941059546111,104,1071,False
3-2. 산후조리 여건,7,부담금,0.06702169188536049,145,1071,False
3-2. 산후조리 여건,8,본인,0.06676237160896373,141,1071,False
3-2. 산후조리 여건,9,조리,0.049852632142524105,91,1071,False
3-2. 산후조리 여건,10,산후조리원,0.046820732462417684,78,1071,False
3-2. 산후조리 여건,11,공공,0.042937389007242165,96,1071,False
3-2. 산후조리 여건,12,비용,0.0352700528688343,65,1071,False
3-2. 산후조리 여건,13,도우미,0.032112869318324334,65,1071,False
3-2. 산후조리 여건,14,관리비,0.018596842685423026,32,1071,False
3-2. 산후조리 여건,15,출산,0.01570598338944858,52,1071,False
3-2. 산후조리 여건,16,가정,0.014661185853379602,37,1071,False
3-2. 산후조리 여건,17,이용료,0.012001096338971555,21,1071,False
3-2. 산후조리 여건,18,예외,0.010915168760090478,17,1071,False
3-2. 산후조리 여건,19,추가,0.010691133209501984,21,1071,False
3-2. 산후조리 여건,20,설치,0.009409612698495285,21,1071,False
3-3. 아동안전 수준,1,안전,0.10282770899627958,244,1074,False
3-3. 아동안전 수준,2,청소년,0.08823427674498865,231,1074,False
3-3. 아동안전 수준,3,예방,0.08515145231607371,229,1074,False
3-3. 아동안전 수준,4,어린이,0.07620200117545789,186,1074,False
3-3. 아동안전 수준,5,폭력,0.06582601704665389,135,1074,False
3-3. 아동안전 수준,6,환경,0.05989218481069248,155,1074,False
3-3. 아동안전 수준,7,아동,0.05696174169519791,169,1074,False
3-3. 아동안전 수준,8,유해,0.05244140459573943,102,1074,False
3-3. 아동안전 수준,9,보호,0.0510037836542565,128,1074,False
3-3. 아동안전 수준,10,학교,0.04344696680404542,118,1074,False
3-3. 아동안전 수준,11,교통,0.036649947745922326,66,1074,False
3-3. 아동안전 수준,12,교육,0.03405821697254994,112,1074,False
3-3. 아동안전 수준,13,문화,0.033715062200971715,58,1074,False
3-3. 아동안전 수준,14,학대,0.032938919380190744,63,1074,False
3-3. 아동안전 수준,15,구역,0.02863684116497249,56,1074,False
3-3. 아동안전 수준,16,지도,0.023751883607672466,45,1074,False
3-3. 아동안전 수준,17,안심,0.023419303795983462,56,1074,False
3-3. 아동안전 수준,18,교통안전,0.021280280238092048,33,1074,False
3-3. 아동안전 수준,19,감시단,0.02011530437314524,37,1074,False
3-3. 아동안전 수준,20,자살,0.0189445731807721,38,1074,False
4-1. 일·가정 양립 여건,1,근무,0.08921351694012075,282,1772,False
4-1. 일·가정 양립 여건,2,휴직,0.08337306308670173,325,1772,False
4-1. 일·가정 양립 여건,3,육아,0.0812569493843,413,1772,False
4-1. 일·가정 양립 여건,4,공무원,0.06746258548563729,263,1772,False
4-1. 일·가정 양립 여건,5,활성,0.06661915199796888,259,1772,False
4-1. 일·가정 양립 여건,6,가족,0.06317012544457974,269,1772,False
4-1. 일·가정 양립 여건,7,출산,0.052948036831124236,361,1772,False
4-1. 일·가정 양립 여건,8,친화,0.04775467151432733,185,1772,False
4-1. 일·가정 양립 여건,9,임신,0.04696324169579603,205,1772,False
4-1. 일·가정 양립 여건,10,휴가,0.04375826191938653,163,1772,False
4-1. 일·가정 양립 여건,11,대체,0.042243518401219815,153,1772,False
4-1. 일·가정 양립 여건,12,인력,0.03593117966937683,146,1772,False
4-1. 일·가정 양립 여건,13,사랑,0.03550340176123876,94,1772,False
4-1. 일·가정 양립 여건,14,직장,0.03480460545166547,106,1772,False
4-1. 일·가정 양립 여건,15,직원,0.034611842277512,125,1772,False
4-1. 일·가정 양립 여건,16,양립,0.033834275188881796,108,1772,False
4-1. 일·가정 양립 여건,17,도우미,0.028489572418376834,88,1772,False
4-1. 일·가정 양립 여건,18,균형,0.028276403895389074,89,1772,False
4-1. 일·가정 양립 여건,19,가정,0.026019806925973925,131,1772,False
4-1. 일·가정 양립 여건,20,농가,0.023504668440678687,59,1772,False
4-2. 사회적 가치관,1,인구,0.11167756938342548,690,2928,False
4-2. 사회적 가치관,2,출산,0.1043708152503227,996,2928,False
4-2. 사회적 가치관,3,인식,0.09731095352459879,557,2928,False
4-2. 사회적 가치관,4,교육,0.07482415703663667,560,2928,False
4-2. 사회적 가치관,5,극복,0.06587466691141136,382,2928,False
4-2. 사회적 가치관,6,홍보,0.05831497094589581,347,2928,False
4-2. 사회적 가치관,7,정책,0.03909573830110741,276,2928,False
4-2. 사회적 가치관,8,축하,0.03637908675015554,277,2928,False
4-2. 사회적 가치관,9,장려,0.0354068899530995,217,2928,False
4-2. 사회적 가치관,10,아기,0.027720395895910004,177,2928,False
4-2. 사회적 가치관,11,캠페인,0.027675268970670134,150,2928,False
4-2. 사회적 가치관,12,출생,0.02565257446584807,175,2928,False
4-2. 사회적 가치관,13,발급,0.024401305311750374,155,2928,False
4-2. 사회적 가치관,14,공모전,0.020308545928822412,111,2928,False
4-2. 사회적 가치관,15,주민,0.019692225270868363,124,2928,False
4-2. 사회적 가치관,16,등록증,0.019462461080920288,104,2928,False
4-2. 사회적 가치관,17,임산부,0.01785939426791017,143,2928,False
4-2. 사회적 가치관,18,사진,0.017563861946255192,95,2928,False
4-2. 사회적 가치관,19,사회,0.017074526480918412,134,2928,False
4-2. 사회적 가치관,20,양성평등,0.01641149202012685,79,2928,False
지표체계 외,1,노인,0.09763895684407131,5180,18435,False
지표체계 외,2,경로당,0.053329297191669,2025,18435,False
지표체계 외,3,어르신,0.0235239679344925,994,18435,False
지표체계 외,4,시설,0.02146288176916795,945,18435,False
지표체계 외,5,복지,0.019900257185208735,831,18435,False
지표체계 외,6,아동,0.01866555718875808,943,18435,False
지표체계 외,7,대학,0.01659266138622871,525,18435,False
지표체계 외,8,행사,0.01604673764659217,510,18435,False
지표체계 외,9,일자리,0.015206317190861572,564,18435,False
지표체계 외,10,치매,0.014929344646746154,540,18435,False
지표체계 외,11,건강,0.014543289438692817,728,18435,False
지표체계 외,12,사회,0.014330765948586533,614,18435,False
지표체계 외,13,복지관,0.014106990223500936,404,18435,False
지표체계 외,14,청소년,0.013745616995158753,548,18435,False
지표체계 외,15,교육,0.01373802822927731,728,18435,False
지표체계 외,16,보호,0.013574975389800353,525,18435,False
지표체계 외,17,활동,0.013215725591440238,504,18435,False
지표체계 외,18,활성,0.012770517567631843,458,18435,False
지표체계 외,19,수당,0.012768594561245319,484,18435,False
지표체계 외,20,소득,0.010954862010472247,483,18435,False

