region,year,pooled_index,missing_indicator_count,indicator_count,has_missing_indicators,pooled_rank,yearly_index,yearly_rank,score_diff_yearly_minus_pooled,abs_score_diff,rank_diff_yearly_minus_pooled,abs_rank_diff
강원,2016,38.41866416520619,0,28,False,7,48.15982350845322,7,9.741159343247034,9.741159343247034,0,0
강원,2017,44.452482427818126,0,28,False,2,55.83149471188891,3,11.379012284070782,11.379012284070782,1,1
강원,2018,45.87434144231297,0,28,False,2,54.77323406166808,3,8.89889261935511,8.89889261935511,1,1
강원,2019,48.576652958041024,0,28,False,2,56.56070673623316,2,7.984053778192134,7.984053778192134,0,0
강원,2020,51.56027830390686,0,28,False,5,56.08222581641533,4,4.5219475125084685,4.5219475125084685,-1,1
강원,2021,54.15490425691612,0,28,False,4,57.54613292637653,4,3.3912286694604106,3.3912286694604106,0,0
강원,2022,58.64855346580149,0,28,False,5,58.61722600508557,2,-0.0313274607159215,0.0313274607159215,-3,3
강원,2023,66.09689916508609,0,28,False,2,60.83342302512104,2,-5.26347613996505,5.26347613996505,0,0
강원,2024,69.8601236106884,0,28,False,1,65.16331567153605,1,-4.69680793915235,4.69680793915235,0,0
경기,2016,31.780101510911063,0,28,False,14,39.722127513841485,13,7.942026002930422,7.942026002930422,-1,1
경기,2017,34.93836833246641,0,28,False,14,41.01403286954903,14,6.075664537082616,6.075664537082616,0,0
경기,2018,35.80105981713267,0,28,False,14,38.849160261921995,14,3.048100444789327,3.048100444789327,0,0
경기,2019,37.89397899076984,0,28,False,15,39.400626061784344,13,1.5066470710145057,1.5066470710145057,-2,2
경기,2020,41.07262222885071,0,28,False,15,39.09402499964837,14,-1.978597229202343,1.978597229202343,-1,1
경기,2021,40.78265413637984,0,28,False,16,36.42311719718797,16,-4.3595369391918695,4.3595369391918695,0,0
경기,2022,44.54057365901361,0,28,False,16,35.225129295831664,15,-9.315444363181946,9.315444363181946,-1,1
경기,2023,49.86573159730146,0,28,False,16,36.37049523531117,15,-13.495236361990294,13.495236361990294,-1,1
경기,2024,51.38877420895508,0,28,False,16,36.3977334999701,16,-14.991040708984976,14.991040708984976,0,0
경남,2016,34.178948065132964,0,28,False,12,39.38942228825681,14,5.210474223123846,5.210474223123846,2,2
경남,2017,37.70931219221372,0,28,False,11,42.19819038235532,13,4.488878190141598,4.488878190141598,2,2
경남,2018,39.466890647956994,0,28,False,11,42.059208785403406,11,2.592318137446412,2.592318137446412,0,0
경남,2019,41.74468940117315,0,28,False,10,42.84204368684757,11,1.0973542856744205,1.0973542856744205,1,1
경남,2020,45.49845217580399,0,28,False,10,43.50327847294552,11,-1.995173702858473,1.995173702858473,1,1
경남,2021,45.721635390640955,0,28,False,11,40.654594958342415,12,-5.0670404322985405,5.0670404322985405,1,1
경남,2022,49.02246346775618,0,28,False,11,39.92360093789628,12,-9.0988625298599,9.0988625298599,1,1
경남,2023,53.18748422258411,0,28,False,12,38.41958688519189,14,-14.76789733739222,14.76789733739222,2,2
경남,2024,55.209304453574475,0,28,False,11,40.713395453054034,13,-14.495909000520442,14.495909000520442,2,2
경북,2016,37.4542052745491,0,28,False,9,45.40033806439321,11,7.946132789844107,7.946132789844107,2,2
경북,2017,39.79046238572148,0,28,False,10,44.273796347868455,11,4.483333962146972,4.483333962146972,1,1
경북,2018,39.854222508775614,0,28,False,10,41.91318927566277,12,2.05896676688716,2.05896676688716,2,2
경북,2019,40.15786677668105,0,28,False,12,39.12198816451576,14,-1.0358786121652912,1.0358786121652912,2,2
경북,2020,44.41933018657134,0,28,False,11,41.91041190699059,12,-2.5089182795807403,2.5089182795807403,1,1
경북,2021,46.65689058557483,0,28,False,10,41.28890731279852,10,-5.367983272776307,5.367983272776307,0,0
경북,2022,51.51769429373564,0,28,False,10,41.74329743466822,10,-9.774396859067416,9.774396859067416,0,0
경북,2023,56.01888263064966,0,28,False,10,40.485956997360795,11,-15.532925633288862,15.532925633288862,1,1
경북,2024,58.18566308488501,0,28,False,10,43.09108581400072,10,-15.094577270884288,15.094577270884288,0,0
광주,2016,39.64917347345754,0,28,False,5,51.56760744468734,4,11.918433971229804,11.918433971229804,-1,1
광주,2017,42.63889644497159,0,28,False,5,52.713704187106586,4,10.074807742134992,10.074807742134992,-1,1
광주,2018,43.90264106622371,0,28,False,8,52.701326515362766,4,8.798685449139057,8.798685449139057,-4,4
광주,2019,46.93444218050114,0,28,False,4,54.20084803609478,4,7.266405855593646,7.266405855593646,0,0
광주,2020,52.337282282954305,0,28,False,2,58.471672298709045,2,6.1343900157547395,6.1343900157547395,0,0
광주,2021,54.53381125351243,0,28,False,2,59.01049678237572,2,4.476685528863285,4.476685528863285,0,0
광주,2022,59.109519822867384,0,28,False,3,58.25331522509301,3,-0.8562045977743722,0.8562045977743722,0,0
광주,2023,62.58616378207707,0,28,False,6,51.53280296240489,8,-11.053360819672186,11.053360819672186,2,2
광주,2024,64.91286831643686,0,28,False,5,53.1656405637513,9,-11.747227752685554,11.747227752685554,4,4
대구,2016,30.95257381359471,0,28,False,15,36.47882848162081,15,5.526254668026095,5.526254668026095,0,0
대구,2017,32.27555010045548,0,28,False,17,33.90082907788242,16,1.6252789774269374,1.6252789774269374,-1,1
대구,2018,31.818855418486308,0,28,False,17,29.63711707115252,17,-2.1817383473337877,2.1817383473337877,0,0
대구,2019,34.4978329792392,0,28,False,17,31.01869522484865,17,-3.4791377543905497,3.4791377543905497,0,0
대구,2020,39.337371066387725,0,28,False,17,34.35754828828188,17,-4.9798227781058415,4.9798227781058415,0,0
대구,2021,40.09583322069492,0,28,False,17,30.999768941198695,17,-9.096064279496224,9.096064279496224,0,0
대구,2022,44.573723595222305,0,28,False,15,32.34962202752151,17,-12.224101567700792,12.224101567700792,2,2
대구,2023,49.951856129379614,0,28,False,15,32.87099648554835,17,-17.08085964383126,17.08085964383126,2,2
대구,2024,50.77927752456953,0,28,False,17,33.35814553248558,17,-17.42113199208395,17.42113199208395,0,0
대전,2016,37.15270795015986,0,28,False,10,47.50973221213597,8,10.357024261976116,10.357024261976116,-2,2
대전,2017,41.106526018472834,0,28,False,9,50.80282375847602,6,9.696297740003187,9.696297740003187,-3,3
대전,2018,43.531837745791904,0,28,False,9,49.53072380757726,9,5.998886061785356,5.998886061785356,0,0
대전,2019,45.897144321816135,0,28,False,9,50.314089583539065,8,4.41694526172293,4.41694526172293,-1,1
대전,2020,50.58167307040211,0,28,False,8,54.275546714796185,6,3.693873644394074,3.693873644394074,-2,2
대전,2021,53.2196757224262,0,28,False,6,56.18072930647904,6,2.961053584052842,2.961053584052842,0,0
대전,2022,59.7069439706091,0,28,False,1,60.56449668492157,1,0.8575527143124688,0.8575527143124688,0,0
대전,2023,66.20172235665768,0,28,False,1,61.847712150604366,1,-4.354010206053317,4.354010206053317,0,0
대전,2024,65.57521999105606,0,28,False,4,57.81413443611976,3,-7.761085554936301,7.761085554936301,-1,1
부산,2016,34.881650454844824,0,28,False,11,43.47692517919192,12,8.595274724347092,8.595274724347092,1,1
부산,2017,36.95927206138899,0,28,False,12,42.20447507804858,12,5.245203016659595,5.245203016659595,0,0
부산,2018,38.390221483452024,0,28,False,12,40.82116932261637,13,2.430947839164346,2.430947839164346,1,1
부산,2019,40.54151922272432,0,28,False,11,41.28261057353692,12,0.7410913508126029,0.7410913508126029,1,1
부산,2020,43.655807955516835,0,28,False,12,41.83172178462125,13,-1.8240861708955831,1.8240861708955831,1,1
부산,2021,44.13915702556088,0,28,False,13,39.32493639177898,14,-4.814220633781908,4.814220633781908,1,1
부산,2022,45.00202666688669,0,28,False,14,34.947817827464846,16,-10.054208839421849,10.054208839421849,2,2
부산,2023,52.12096241243805,0,28,False,13,39.25021810470253,13,-12.870744307735514,12.870744307735514,0,0
부산,2024,54.03459601519328,0,28,False,12,41.634484626111295,11,-12.400111389081983,12.400111389081983,-1,1
서울,2016,33.43294587141602,0,28,False,13,46.97899744334066,9,13.546051571924645,13.546051571924645,-4,4
서울,2017,36.67685848148963,0,28,False,13,49.542477717409966,8,12.865619235920336,12.865619235920336,-5,5
서울,2018,37.22305172680363,0,28,False,13,44.8139865706211,10,7.590934843817465,7.590934843817465,-3,3
서울,2019,38.910461108282064,0,28,False,13,43.976010365596665,10,5.065549257314601,5.065549257314601,-3,3
서울,2020,42.017443627079906,0,28,False,13,44.44204492808511,10,2.424601301005204,2.424601301005204,-3,3
서울,2021,40.87239695804997,0,28,False,15,40.87949441955955,11,0.0070974615095806,0.0070974615095806,-4,4
서울,2022,44.3031843060792,0,28,False,17,39.753577113732746,13,-4.54960719234645,4.54960719234645,-4,4
서울,2023,50.22180147838096,0,28,False,14,41.545275734439905,10,-8.676525743941056,8.676525743941056,-4,4
서울,2024,52.298554101260954,0,28,False,14,41.08376427223117,12,-11.21478982902979,11.21478982902979,-2,2
세종,2016,40.71166094053633,0,28,False,4,57.673213986688765,2,16.96155304615243,16.96155304615243,-2,2
세종,2017,41.58791756757145,0,28,False,7,56.552453598067565,2,14.964536030496111,14.964536030496111,-5,5
세종,2018,49.181388516492355,0,28,False,1,62.3322203812648,1,13.150831864772442,13.150831864772442,0,0
세종,2019,50.10263180253459,0,28,False,1,61.50165895224223,1,11.399027149707642,11.399027149707642,0,0
세종,2020,52.50534776748987,0,28,False,1,59.368010398196624,1,6.862662630706751,6.862662630706751,0,0
세종,2021,53.88408744610693,0,28,False,5,60.89590896472399,1,7.011821518617062,7.011821518617062,-4,4
세종,2022,55.19640817895289,0,28,False,9,55.11822378044972,7,-0.0781843985031756,0.0781843985031756,-2,2
세종,2023,61.21467636447012,0,28,False,8,57.836710155980825,3,-3.3779662084892976,3.3779662084892976,-5,5
세종,2024,63.47843315648379,0,28,False,8,56.75582073752541,5,-6.722612418958384,6.722612418958384,-3,3
울산,2016,28.7400687767909,0,28,False,17,32.19407731307939,17,3.454008536288491,3.454008536288491,0,0
울산,2017,32.43221669173718,0,28,False,16,33.859453988018416,17,1.427237296281234,1.427237296281234,1,1
울산,2018,32.28619442964561,0,28,False,16,31.135656804241815,16,-1.1505376254037962,1.1505376254037962,0,0
울산,2019,35.247969153360714,0,28,False,16,32.51000788076352,16,-2.7379612725971967,2.7379612725971967,0,0
울산,2020,39.708373089977314,0,28,False,16,34.57320518749652,16,-5.135167902480795,5.135167902480795,0,0
울산,2021,44.22919676358764,0,28,False,12,40.006875411323136,13,-4.222321352264501,4.222321352264501,1,1
울산,2022,48.79104916057937,0,28,False,12,41.35214593371606,11,-7.43890322686331,7.43890322686331,-1,1
울산,2023,53.90353798841821,0,28,False,11,39.79335342950215,12,-14.11018455891606,14.11018455891606,1,1
울산,2024,53.140667111471174,0,28,False,13,36.422769091898154,15,-16.71789801957302,16.71789801957302,2,2
인천,2016,29.975678672661655,0,28,False,16,34.97691404129019,16,5.001235368628535,5.001235368628535,0,0
인천,2017,32.782664950341584,0,28,False,15,34.9325354103363,15,2.149870459994716,2.149870459994716,0,0
인천,2018,35.1869597187553,0,28,False,15,36.15819945902793,15,0.9712397402726296,0.9712397402726296,0,0
인천,2019,38.1885047984136,0,28,False,14,37.901839561467355,15,-0.2866652369462414,0.2866652369462414,1,1
인천,2020,41.39416068309401,0,28,False,14,38.48317789999061,15,-2.9109827831033996,2.9109827831033996,1,1
인천,2021,42.23860541732677,0,28,False,14,36.8819681772978,15,-5.356637240028967,5.356637240028967,1,1
인천,2022,45.86794535537234,0,28,False,13,36.72389932219552,14,-9.14404603317682,9.14404603317682,1,1
인천,2023,49.20729457833101,0,28,False,17,34.215459105822944,16,-14.991835472508065,14.991835472508065,-1,1
인천,2024,51.47608003992358,0,28,False,15,36.514958751003405,14,-14.961121288920175,14.961121288920175,-1,1
전남,2016,41.6379582392087,0,28,False,2,52.32584338584361,3,10.687885146634912,10.687885146634912,1,1
전남,2017,43.46405328467856,0,28,False,4,50.35642186829149,7,6.892368583612928,6.892368583612928,3,3
전남,2018,45.19381666012127,0,28,False,6,51.3745599404367,7,6.180743280315426,6.180743280315426,1,1
전남,2019,48.33823534444503,0,28,False,3,53.97833157947855,5,5.640096235033518,5.640096235033518,2,2
전남,2020,52.27581036838562,0,28,False,3,54.63827514858902,5,2.362464780203396,2.362464780203396,2,2
전남,2021,54.506817381618795,0,28,False,3,54.826474775168045,7,0.3196573935492495,0.3196573935492495,4,4
전남,2022,58.67049373104002,0,28,False,4,55.4712282636056,6,-3.199265467434415,3.199265467434415,2,2
전남,2023,64.22284410719593,0,28,False,4,55.45307501037455,5,-8.769769096821378,8.769769096821378,1,1
전남,2024,66.89480366571311,0,28,False,3,57.61738018120241,4,-9.277423484510706,9.277423484510706,1,1
전북,2016,40.95898390680795,0,28,False,3,51.47473218221826,5,10.51574827541031,10.51574827541031,2,2
전북,2017,44.1302219203283,0,28,False,3,52.53943975342245,5,8.409217833094146,8.409217833094146,2,2
전북,2018,45.59954381753082,0,28,False,4,52.077695418416184,5,6.4781516008853615,6.4781516008853615,1,1
전북,2019,46.721104332303895,0,28,False,5,50.463032301828406,7,3.741927969524511,3.741927969524511,2,2
전북,2020,51.751728184314715,0,28,False,4,53.721784580583424,7,1.97005639626871,1.97005639626871,3,3
전북,2021,55.485964841252674,0,28,False,1,57.37404944409947,5,1.8880846028467957,1.8880846028467957,4,4
전북,2022,59.49525059957468,0,28,False,2,57.07235795221063,4,-2.4228926473640513,2.4228926473640513,2,2
전북,2023,65.77737379072846,0,28,False,3,57.28222844741366,4,-8.495145343314803,8.495145343314803,1,1
전북,2024,67.42562362238509,0,28,False,2,58.73241819643665,2,-8.693205425948442,8.693205425948442,0,0
제주,2016,43.6305729764561,0,28,False,1,61.54078243888682,1,17.91020946243072,17.91020946243072,0,0
제주,2017,46.12625137050655,0,28,False,1,61.11708043602926,1,14.99082906552271,14.99082906552271,0,0
제주,2018,45.83309393208085,0,28,False,3,56.41821833661568,2,10.585124404534833,10.585124404534833,-1,1
제주,2019,46.61459019107858,0,28,False,6,54.912762539437075,3,8.298172348358499,8.298172348358499,-3,3
제주,2020,51.307655957354775,0,28,False,6,58.119507748988696,3,6.81185179163392,6.81185179163392,-3,3
제주,2021,52.51357321400612,0,28,False,9,58.30721604736453,3,5.793642833358405,5.793642833358405,-6,6
제주,2022,55.68700498924411,0,28,False,8,56.36551313160832,5,0.6785081423642154,0.6785081423642154,-3,3
제주,2023,60.474663152866114,0,28,False,9,52.916469924319586,7,-7.558193228546528,7.558193228546528,-2,2
제주,2024,61.99640428127684,0,28,False,9,53.59864236496217,7,-8.397761916314671,8.397761916314671,-2,2
충남,2016,37.84790986957399,0,28,False,8,46.07083148016256,10,8.222921610588571,8.222921610588571,2,2
충남,2017,41.34221389733153,0,28,False,8,47.386420904353,10,6.04420700702147,6.04420700702147,2,2
충남,2018,44.81126980325091,0,28,False,7,49.921517511026195,8,5.110247707775287,5.110247707775287,1,1
충남,2019,45.94543732399154,0,28,False,8,49.79585322322622,9,3.850415899234676,3.850415899234676,1,1
충남,2020,50.63070160446245,0,28,False,7,52.42408928791595,8,1.7933876834534956,1.7933876834534956,1,1
충남,2021,52.75878360768916,0,28,False,8,52.89926108323577,9,0.1404774755466107,0.1404774755466107,1,1
충남,2022,56.24375214813435,0,28,False,7,52.03436245059414,9,-4.20938969754021,4.20938969754021,2,2
충남,2023,61.222572213294065,0,28,False,7,50.93335620382775,9,-10.289216009466315,10.289216009466315,2,2
충남,2024,63.86585235978191,0,28,False,7,54.43989344033544,6,-9.425958919446472,9.425958919446472,-1,1
충북,2016,38.711350115499215,0,28,False,6,48.61691352988323,6,9.905563414384012,9.905563414384012,0,0
충북,2017,41.699272840223195,0,28,False,6,49.36587267485075,9,7.666599834627554,7.666599834627554,3,3
충북,2018,45.34544917312242,0,28,False,5,51.41423589497041,6,6.068786721847992,6.068786721847992,1,1
충북,2019,46.30219508165496,0,28,False,7,51.26354553336999,6,4.961350451715035,4.961350451715035,-1,1
충북,2020,48.59986996781884,0,28,False,9,49.33427994068959,9,0.7344099728707505,0.7344099728707505,0,0
충북,2021,52.761958989104826,0,28,False,7,53.688044742497446,8,0.92608575339262,0.92608575339262,1,1
충북,2022,57.08025088383075,0,28,False,6,53.30518428064063,8,-3.775066603190119,3.775066603190119,2,2
충북,2023,63.07133271633344,0,28,False,5,53.82943863442817,6,-9.241894081905263,9.241894081905263,1,1
충북,2024,63.99276650824534,0,28,False,6,53.47879987745326,8,-10.513966630792076,10.513966630792076,2,2
