지역,연도,구조환경종합지수,합계출산율,구조환경_연도별순위,TFR_연도별순위,구조환경_연도별순위점수,TFR_연도별순위점수,순위차이_TFR_minus_구조환경,절대순위차이,연도별_Spearman_rho,구조환경_시도내_z,TFR_시도내_z,시도별_동시점_Pearson_r
강원,2016,38.41866416520619,1.237,7.0,10.0,62.5,43.75,3.0,3.0,0.497854170829175,-1.510357745937227,1.952733247049913,-0.9632591325601174
강원,2017,44.452482427818126,1.123,2.0,10.0,93.75,43.75,8.0,8.0,0.4558823529411765,-0.8884122242368343,0.8750009654613106,-0.9632591325601174
강원,2018,45.87434144231297,1.067,2.0,9.0,93.75,50.0,7.0,7.0,0.5637254901960785,-0.7418518195203034,0.34558861661076895,-0.9632591325601174
강원,2019,48.576652958041024,1.082,2.0,7.0,93.75,62.5,5.0,5.0,0.4607843137254902,-0.46330671386792954,0.48739549576716507,-0.9632591325601174
강원,2020,51.56027830390686,1.036,5.0,3.0,75.0,87.5,-2.0,2.0,0.5220588235294118,-0.1557647327327928,0.052521066354220165,-0.9632591325601174
강원,2021,54.15490425691612,0.979,4.0,3.0,81.25,87.5,-1.0,1.0,0.5416666666666667,0.1116805103500127,-0.4863450744400811,-0.9632591325601174
강원,2022,58.64855346580149,0.968,5.0,3.0,75.0,87.5,-2.0,2.0,0.5000000000000001,0.5748706297602295,-0.5903367858214374,-0.9632591325601174
강원,2023,66.09689916508609,0.893,2.0,3.0,93.75,87.5,1.0,1.0,0.5980392156862745,1.3426208420016434,-1.299371181603412,-0.9632591325601174
강원,2024,69.8601236106884,0.889,1.0,4.0,100.0,81.25,3.0,3.0,0.4917229618288157,1.7305212541832051,-1.3371863493784506,-0.9632591325601174
경기,2016,31.780101510911063,1.194,14.0,11.0,18.75,37.5,-3.0,3.0,0.497854170829175,-1.44649013665906,2.024103791341275,-0.9215079482111306
경기,2017,34.93836833246641,1.069,14.0,12.0,18.75,31.25,-2.0,2.0,0.4558823529411765,-0.9453426789670597,1.0804167771436228,-0.9215079482111306
경기,2018,35.80105981713267,1.002,14.0,12.0,18.75,31.25,-2.0,2.0,0.5637254901960785,-0.8084525209340788,0.5746005375336817,-0.9215079482111306
경기,2019,37.89397899076984,0.943,15.0,11.0,12.5,37.5,-4.0,4.0,0.4607843137254902,-0.4763522956255095,0.12918026683238945,-0.9215079482111306
경기,2020,41.07262222885071,0.878,15.0,11.0,12.5,37.5,-4.0,4.0,0.5220588235294118,0.028028451055548107,-0.36153698055038924,-0.9215079482111306
경기,2021,40.78265413637984,0.853,16.0,11.0,6.25,37.5,-5.0,5.0,0.5416666666666667,-0.017983105460760505,-0.5502743833899199,-0.9215079482111306
경기,2022,44.54057365901361,0.839,16.0,11.0,6.25,37.5,-5.0,5.0,0.5000000000000001,0.5783160425800615,-0.6559673289800569,-0.9215079482111306
경기,2023,49.86573159730146,0.766,16.0,12.0,6.25,31.25,-4.0,4.0,0.5980392156862745,1.4233014454495645,-1.2070805452714854,-0.9215079482111306
경기,2024,51.38877420895508,0.789,16.0,12.0,6.25,31.25,-4.0,4.0,0.4917229618288157,1.6649747985612904,-1.0334421346591174,-0.9215079482111306
경남,2016,34.178948065132964,1.358,12.0,7.0,31.25,62.5,-5.0,5.0,0.497854170829175,-1.5717716117292286,1.9010002174861151,-0.9539587497279919
경남,2017,37.70931219221372,1.227,11.0,8.0,37.5,56.25,-3.0,3.0,0.4558823529411765,-1.0412175626772193,1.1926312995290578,-0.9539587497279919
경남,2018,39.466890647956994,1.122,11.0,8.0,37.5,56.25,-3.0,3.0,0.5637254901960785,-0.7770832318674844,0.6248546858993554,-0.9539587497279919
경남,2019,41.74468940117315,1.046,10.0,9.0,43.75,50.0,-1.0,1.0,0.4607843137254902,-0.4347685844422208,0.21389256555785618,-0.9539587497279919
경남,2020,45.49845217580399,0.945,10.0,9.0,43.75,50.0,-1.0,1.0,0.5220588235294118,0.12935850488097655,-0.3322544627907152,-0.9539587497279919
경남,2021,45.721635390640955,0.903,11.0,9.0,37.5,50.0,-2.0,2.0,0.5416666666666667,0.16289916925717773,-0.5593651082425957,-0.9539587497279919
경남,2022,49.02246346775618,0.838,11.0,12.0,37.5,31.25,1.0,1.0,0.5000000000000001,0.6589578302050377,-0.9108458690609832,-0.9539587497279919
경남,2023,53.18748422258411,0.799,12.0,9.0,31.25,50.0,-3.0,3.0,0.5980392156862745,1.2848900418171187,-1.1217343255520151,-0.9539587497279919
경남,2024,55.209304453574475,0.82,11.0,9.0,37.5,50.0,-2.0,2.0,0.4917229618288157,1.5887354445558455,-1.008179002826075,-0.9539587497279919
경북,2016,37.4542052745491,1.396,9.0,5.0,50.0,75.0,-4.0,4.0,0.497854170829175,-1.1888220286736522,1.96459483653023,-0.8734376640592612
경북,2017,39.79046238572148,1.256,10.0,6.0,43.75,68.75,-4.0,4.0,0.4558823529411765,-0.8640539460113681,1.1394650051875337,-0.8734376640592612
경북,2018,39.854222508775614,1.167,10.0,6.0,43.75,68.75,-4.0,4.0,0.5637254901960785,-0.8551905153488885,0.6149181838339625,-0.8734376640592612
경북,2019,40.15786677668105,1.089,12.0,5.0,31.25,75.0,-7.0,7.0,0.4607843137254902,-0.8129802782018503,0.15520299208588811,-0.8734376640592612
경북,2020,44.41933018657134,1.003,11.0,6.0,37.5,68.75,-5.0,5.0,0.5220588235294118,-0.22058516280676543,-0.35166247573891174,-0.8734376640592612
경북,2021,46.65689058557483,0.966,10.0,4.0,43.75,81.25,-6.0,6.0,0.5416666666666667,0.09046287944435193,-0.5697325025937668,-0.8734376640592612
경북,2022,51.51769429373564,0.93,10.0,4.0,43.75,81.25,-6.0,6.0,0.5000000000000001,0.7661735676848761,-0.7819087449390313,-0.8734376640592612
경북,2023,56.01888263064966,0.86,10.0,5.0,43.75,75.0,-5.0,5.0,0.5980392156862745,1.3918933563548057,-1.19447366061038,-0.8734376640592612
경북,2024,58.18566308488501,0.897,10.0,3.0,43.75,87.5,-7.0,7.0,0.4917229618288157,1.6931021275585014,-0.9764036337555242,-0.8734376640592612
광주,2016,39.64917347345754,1.168,5.0,14.0,75.0,18.75,9.0,9.0,0.497854170829175,-1.416593548055463,1.8758559422452448,-0.9324304365313194
광주,2017,42.63889644497159,1.053,5.0,14.0,75.0,18.75,9.0,9.0,0.4558823529411765,-1.0693247481164725,1.0834025135824579,-0.9324304365313194
광주,2018,43.90264106622371,0.972,8.0,14.0,56.25,18.75,6.0,6.0,0.5637254901960785,-0.9225355364627489,0.525239663828669,-0.9324304365313194
광주,2019,46.93444218050114,0.913,4.0,14.0,81.25,18.75,10.0,10.0,0.4607843137254902,-0.5703791846400805,0.11867660042776133,-0.9324304365313194
광주,2020,52.337282282954305,0.811,2.0,13.0,93.75,25.0,11.0,11.0,0.5220588235294118,0.057183240547093464,-0.5841951362992323,-0.9324304365313194
광주,2021,54.53381125351243,0.896,2.0,10.0,93.75,43.75,8.0,8.0,0.5416666666666667,0.3123192470951039,0.0015313109732622756,-0.9324304365313194
광주,2022,59.109519822867384,0.844,3.0,9.0,87.5,50.0,6.0,6.0,0.5000000000000001,0.8438068929038886,-0.3567954567699113,-0.9324304365313194
광주,2023,62.58616378207707,0.706,6.0,13.0,68.75,25.0,7.0,7.0,0.5980392156862745,1.2476335975963548,-1.3077395711652557,-0.9324304365313194
광주,2024,64.91286831643686,0.699,5.0,15.0,75.0,12.5,10.0,10.0,0.4917229618288157,1.5178900391323233,-1.3559758668229906,-0.9324304365313194
대구,2016,30.95257381359471,1.186,15.0,13.0,12.5,25.0,-2.0,2.0,0.497854170829175,-1.161981831928425,1.9191185108140227,-0.8837477699987599
대구,2017,32.27555010045548,1.067,17.0,13.0,0.0,25.0,-4.0,4.0,0.4558823529411765,-0.9792381683835699,1.1570213936164628,-0.8837477699987599
대구,2018,31.818855418486308,0.987,17.0,13.0,0.0,25.0,-4.0,4.0,0.5637254901960785,-1.0423217324151923,0.6446871971811285,-0.8837477699987599
대구,2019,34.4978329792392,0.932,17.0,13.0,0.0,25.0,-4.0,4.0,0.4607843137254902,-0.6722726401762743,0.29245743713183653,-0.8837477699987599
대구,2020,39.337371066387725,0.807,17.0,14.0,0.0,18.75,-3.0,3.0,0.5220588235294118,-0.003783772542130302,-0.5080647447983736,-0.8837477699987599
대구,2021,40.09583322069492,0.785,17.0,14.0,0.0,18.75,-3.0,3.0,0.5416666666666667,0.10098314891729168,-0.6489566488180907,-0.8837477699987599
대구,2022,44.573723595222305,0.757,15.0,14.0,12.5,18.75,-1.0,1.0,0.5000000000000001,0.7195173585780691,-0.8282736175704579,-0.8837477699987599
대구,2023,49.951856129379614,0.702,15.0,14.0,12.5,18.75,-1.0,1.0,0.5980392156862745,1.4624026635397844,-1.1805033776197507,-0.8837477699987599
대구,2024,50.77927752456953,0.754,17.0,14.0,0.0,18.75,-3.0,3.0,0.4917229618288157,1.5766949744104428,-0.847486149936783,-0.8837477699987599
대전,2016,37.15270795015986,1.192,10.0,12.0,43.75,31.25,2.0,2.0,0.497854170829175,-1.4335622086515987,2.1341702216412917,-0.8308458791528447
대전,2017,41.106526018472834,1.075,9.0,11.0,50.0,37.5,2.0,2.0,0.4558823529411765,-1.0368844281897747,1.2664940658929207,-0.8308458791528447
대전,2018,43.531837745791904,0.952,9.0,15.0,50.0,12.5,6.0,6.0,0.5637254901960785,-0.7935582922121884,0.3543216970292487,-0.8308458791528447
대전,2019,45.897144321816135,0.883,9.0,15.0,50.0,12.5,6.0,6.0,0.4607843137254902,-0.5562523397181757,-0.1573847537967133,-0.8308458791528447
대전,2020,50.58167307040211,0.805,8.0,15.0,56.25,12.5,7.0,7.0,0.5220588235294118,-0.08626398051894416,-0.7358355242956269,-0.8308458791528447
대전,2021,53.2196757224262,0.81,6.0,13.0,68.75,25.0,7.0,7.0,0.5416666666666667,0.17840096328405136,-0.6987553466995426,-0.8308458791528447
대전,2022,59.7069439706091,0.842,1.0,10.0,100.0,43.75,9.0,9.0,0.5000000000000001,0.8292541703583117,-0.46144221008460423,-0.8308458791528447
대전,2023,66.20172235665768,0.787,1.0,10.0,100.0,43.75,9.0,9.0,0.5980392156862745,1.4808608528753082,-0.8693241636415303,-0.8308458791528447
대전,2024,65.57521999105606,0.792,4.0,11.0,81.25,37.5,7.0,7.0,0.4917229618288157,1.4180052627730118,-0.832243986045446,-0.8308458791528447
부산,2016,34.881650454844824,1.095,11.0,16.0,37.5,6.25,5.0,5.0,0.497854170829175,-1.370996325707242,2.0174634807841842,-0.8921969217850582
부산,2017,36.95927206138899,0.976,12.0,16.0,31.25,6.25,4.0,4.0,0.4558823529411765,-1.0327514015751351,1.1576531393914817,-0.8921969217850582
부산,2018,38.390221483452024,0.899,12.0,16.0,31.25,6.25,4.0,4.0,0.5637254901960785,-0.7997872385254065,0.6013052714314983,-0.8921969217850582
부산,2019,40.54151922272432,0.827,11.0,16.0,37.5,6.25,5.0,5.0,0.4607843137254902,-0.44954755180203776,0.0810838884039805,-0.8921969217850582
부산,2020,43.655807955516835,0.747,12.0,16.0,31.25,6.25,4.0,4.0,0.5220588235294118,0.05747083539169775,-0.49693987051548294,-0.8921969217850582
부산,2021,44.13915702556088,0.728,13.0,16.0,25.0,6.25,3.0,3.0,0.5416666666666667,0.13616195460773006,-0.6342205132588556,-0.8921969217850582
부산,2022,45.00202666688669,0.723,14.0,16.0,18.75,6.25,2.0,2.0,0.5000000000000001,0.2766405073176335,-0.6703469981913223,-0.8921969217850582
부산,2023,52.12096241243805,0.664,13.0,16.0,25.0,6.25,3.0,3.0,0.5980392156862745,1.4356310923070927,-1.0966395203944264,-0.8921969217850582
부산,2024,54.03459601519328,0.683,12.0,16.0,31.25,6.25,4.0,4.0,0.4917229618288157,1.7471781279856684,-0.9593588776510535,-0.8921969217850582
서울,2016,33.43294587141602,0.94,13.0,17.0,25.0,0.0,4.0,4.0,0.497854170829175,-1.412266203291459,1.998203914124446,-0.8783687476260926
서울,2017,36.67685848148963,0.836,13.0,17.0,25.0,0.0,4.0,4.0,0.4558823529411765,-0.8629548285358425,1.1526709739705214,-0.8783687476260926
서울,2018,37.22305172680363,0.761,13.0,17.0,25.0,0.0,4.0,4.0,0.5637254901960785,-0.7704646173217812,0.5429116421287491,-0.8783687476260926
서울,2019,38.910461108282064,0.717,13.0,17.0,25.0,0.0,4.0,4.0,0.4607843137254902,-0.48472536397783633,0.18518616744824215,-0.8783687476260926
서울,2020,42.017443627079906,0.642,13.0,17.0,25.0,0.0,4.0,4.0,0.5220588235294118,0.041398808862868106,-0.4245731643935302,-0.8783687476260926
서울,2021,40.87239695804997,0.626,15.0,17.0,12.5,0.0,2.0,2.0,0.5416666666666667,-0.1524988806035263,-0.5546551551864418,-0.8783687476260926
서울,2022,44.3031843060792,0.593,17.0,17.0,0.0,0.0,0.0,0.0,0.5000000000000001,0.42845712566735406,-0.822949261196822,-0.8783687476260926
서울,2023,50.22180147838096,0.552,14.0,17.0,18.75,0.0,3.0,3.0,0.5980392156862745,1.430692428022031,-1.1562843626036572,-0.8783687476260926
서울,2024,52.298554101260954,0.581,14.0,17.0,18.75,0.0,3.0,3.0,0.4917229618288157,1.7823615311781897,-0.9205107542915058,-0.8783687476260926
세종,2016,40.71166094053633,1.821,4.0,1.0,81.25,100.0,-3.0,3.0,0.497854170829175,-1.546745188329179,1.6749641816436678,-0.9637276254650986
세종,2017,41.58791756757145,1.668,7.0,1.0,62.5,100.0,-6.0,6.0,0.4558823529411765,-1.4265165302431733,1.1242417179083928,-0.9637276254650986
세종,2018,49.181388516492355,1.566,1.0,1.0,100.0,100.0,0.0,0.0,0.5637254901960785,-0.38463816466336065,0.7570934087515433,-0.9637276254650986
세종,2019,50.10263180253459,1.472,1.0,1.0,100.0,100.0,0.0,0.0,0.4607843137254902,-0.2582370161478116,0.41874104541091656,-0.9637276254650986
세종,2020,52.50534776748987,1.277,1.0,1.0,100.0,100.0,0.0,0.0,0.5220588235294118,0.07143274875408473,-0.2831601338595321,-0.9637276254650986
세종,2021,53.88408744610693,1.277,5.0,1.0,75.0,100.0,-4.0,4.0,0.5416666666666667,0.2606056648790504,-0.2831601338595321,-0.9637276254650986
세종,2022,55.19640817895289,1.121,9.0,1.0,50.0,100.0,-8.0,8.0,0.5000000000000001,0.4406654279901944,-0.8446810772758906,-0.9637276254650986
세종,2023,61.21467636447012,0.971,8.0,2.0,56.25,93.75,-6.0,6.0,0.5980392156862745,1.2664147411733493,-1.3846050613300818,-0.9637276254650986
세종,2024,63.47843315648379,1.028,8.0,1.0,56.25,100.0,-7.0,7.0,0.4917229618288157,1.5770183165868523,-1.179433947389489,-0.9637276254650986
울산,2016,28.7400687767909,1.418,17.0,4.0,0.0,81.25,-13.0,13.0,0.497854170829175,-1.3648090888973219,1.9692033648144476,-0.9288434476096522
울산,2017,32.43221669173718,1.261,16.0,5.0,6.25,75.0,-11.0,11.0,0.4558823529411765,-0.9518401481670393,1.1563244999348636,-0.9288434476096522
울산,2018,32.28619442964561,1.131,16.0,7.0,6.25,62.5,-9.0,9.0,0.5637254901960785,-0.9681728250500219,0.4832400895250177,-0.9288434476096522
울산,2019,35.247969153360714,1.084,16.0,6.0,6.25,68.75,-10.0,10.0,0.4607843137254902,-0.6368965602549409,0.23989418729991968,-0.9288434476096522
울산,2020,39.708373089977314,0.984,16.0,7.0,6.25,62.5,-9.0,9.0,0.5220588235294118,-0.13799772646849998,-0.2778630514768858,-0.9288434476096522
울산,2021,44.22919676358764,0.94,12.0,8.0,31.25,56.25,-4.0,4.0,0.5416666666666667,0.3676590908441407,-0.5056762365386802,-0.9288434476096522
울산,2022,48.79104916057937,0.848,12.0,8.0,31.25,56.25,-4.0,4.0,0.5000000000000001,0.87790499527481,-0.9820128962133406,-0.9288434476096522
울산,2023,53.90353798841821,0.814,11.0,8.0,37.5,56.25,-3.0,3.0,0.5980392156862745,1.449739912067066,-1.1580503573974545,-0.9288434476096522
울산,2024,53.140667111471174,0.859,13.0,7.0,25.0,62.5,-6.0,6.0,0.4917229618288157,1.3644123506518073,-0.9250595999478921,-0.9288434476096522
인천,2016,29.975678672661655,1.144,16.0,15.0,6.25,12.5,-1.0,1.0,0.497854170829175,-1.5474014909026066,1.8539633991895041,-0.9421604114718565
인천,2017,32.782664950341584,1.007,15.0,15.0,12.5,12.5,0.0,0.0,0.4558823529411765,-1.142459351081133,0.89710409772418,-0.9421604114718565
인천,2018,35.1869597187553,1.006,15.0,11.0,12.5,37.5,-4.0,4.0,0.5637254901960785,-0.7956103921016334,0.8901197232609303,-0.9421604114718565
인천,2019,38.1885047984136,0.94,14.0,12.0,18.75,31.25,-2.0,2.0,0.4607843137254902,-0.3626007628803389,0.42915100868639416,-0.9421604114718565
인천,2020,41.39416068309401,0.829,14.0,12.0,18.75,31.25,-2.0,2.0,0.5220588235294118,0.09985434913635176,-0.3461145567344158,-0.9421604114718565
인천,2021,42.23860541732677,0.778,14.0,15.0,18.75,12.5,1.0,1.0,0.5416666666666667,0.22167584158904152,-0.702317654360193,-0.9421604114718565
인천,2022,45.86794535537234,0.747,13.0,15.0,25.0,12.5,2.0,2.0,0.5000000000000001,0.7452525659706247,-0.91883326272096,-0.9421604114718565
인천,2023,49.20729457833101,0.694,17.0,15.0,0.0,12.5,-2.0,2.0,0.5980392156862745,1.226994579000248,-1.2890051092732389,-0.9421604114718565
인천,2024,51.47608003992358,0.762,15.0,13.0,12.5,25.0,-2.0,2.0,0.4917229618288157,1.5542946612694444,-0.8140676457722017,-0.9421604114718565
전남,2016,41.6379582392087,1.466,2.0,2.0,93.75,93.75,0.0,0.0,0.497854170829175,-1.307169606775332,1.894174296142825,-0.8926547711337698
전남,2017,43.46405328467856,1.325,4.0,2.0,81.25,93.75,-2.0,2.0,0.4558823529411765,-1.0933287014752344,1.0350938165841237,-0.8926547711337698
전남,2018,45.19381666012127,1.24,6.0,2.0,68.75,93.75,-4.0,4.0,0.5637254901960785,-0.8907685077562674,0.5172084211054743,-0.8926547711337698
전남,2019,48.33823534444503,1.234,3.0,2.0,87.5,93.75,-1.0,1.0,0.4607843137254902,-0.5225481679845654,0.4806518049540402,-0.8926547711337698
전남,2020,52.27581036838562,1.145,3.0,2.0,87.5,93.75,-1.0,1.0,0.5220588235294118,-0.061446972898712426,-0.06160466795889862,-0.8926547711337698
전남,2021,54.506817381618795,1.017,3.0,2.0,87.5,93.75,-1.0,1.0,0.5416666666666667,0.199810271418433,-0.8414791458561599,-0.8926547711337698
전남,2022,58.67049373104002,0.969,4.0,2.0,81.25,93.75,-2.0,2.0,0.5000000000000001,0.6873885725291207,-1.1339320750676323,-0.8926547711337698
전남,2023,64.22284410719593,0.972,4.0,1.0,81.25,100.0,-3.0,3.0,0.5980392156862745,1.3375845379176654,-1.115653766991915,-0.8926547711337698
전남,2024,66.89480366571311,1.028,3.0,1.0,87.5,100.0,-2.0,2.0,0.4917229618288157,1.650478575024889,-0.7744586829118634,-0.8926547711337698
전북,2016,40.95898390680795,1.251,3.0,9.0,87.5,50.0,6.0,6.0,0.497854170829175,-1.3329366098650437,1.9092291580832403,-0.9061029061728397
전북,2017,44.1302219203283,1.151,3.0,9.0,87.5,50.0,6.0,6.0,0.4558823529411765,-0.9829981996294357,1.267591278219568,-0.9061029061728397
전북,2018,45.59954381753082,1.044,4.0,10.0,81.25,43.75,6.0,6.0,0.5637254901960785,-0.8208620980062589,0.5810387467654378,-0.9061029061728397
전북,2019,46.721104332303895,0.971,5.0,10.0,75.0,43.75,5.0,5.0,0.4607843137254902,-0.6971006200442074,0.1126430944649559,-0.9061029061728397
전북,2020,51.751728184314715,0.909,4.0,10.0,81.25,43.75,6.0,6.0,0.5220588235294118,-0.14198349992877682,-0.2851723910505211,-0.9061029061728397
전북,2021,55.485964841252674,0.85,1.0,12.0,100.0,31.25,11.0,11.0,0.5416666666666667,0.2700804427967932,-0.6637387401700887,-0.9061029061728397
전북,2022,59.49525059957468,0.817,2.0,13.0,93.75,25.0,11.0,11.0,0.5000000000000001,0.7124953856253863,-0.8754792405251011,-0.9061029061728397
전북,2023,65.77737379072846,0.78,3.0,11.0,87.5,37.5,8.0,8.0,0.5980392156862745,1.4057124172843345,-1.1128852560746596,-0.9061029061728397
전북,2024,67.42562362238509,0.808,2.0,10.0,93.75,43.75,8.0,8.0,0.4917229618288157,1.587592781767209,-0.933226649712831,-0.9061029061728397
제주,2016,43.6305729764561,1.432,1.0,3.0,100.0,87.5,2.0,2.0,0.497854170829175,-1.2632308384397584,1.771076544409894,-0.9392949824431641
제주,2017,46.12625137050655,1.305,1.0,3.0,100.0,87.5,2.0,2.0,0.4558823529411765,-0.8664458356245772,1.1466655356928952,-0.9392949824431641
제주,2018,45.83309393208085,1.22,3.0,3.0,87.5,87.5,0.0,0.0,0.5637254901960785,-0.9130545955146073,0.7287526558429355,-0.9392949824431641
제주,2019,46.61459019107858,1.145,6.0,3.0,68.75,87.5,-3.0,3.0,0.4607843137254902,-0.7888054149848992,0.3600059971517947,-0.9392949824431641
제주,2020,51.307655957354775,1.021,6.0,5.0,68.75,75.0,-1.0,1.0,0.5220588235294118,-0.042660351693507785,-0.24965514521755894,-0.9392949824431641
제주,2021,52.51357321400612,0.951,9.0,6.0,50.0,68.75,-3.0,3.0,0.5416666666666667,0.1490670292126104,-0.5938186933292903,-0.9392949824431641
제주,2022,55.68700498924411,0.919,8.0,5.0,56.25,75.0,-3.0,3.0,0.5000000000000001,0.6536072531747109,-0.7511506010375101,-0.9392949824431641
제주,2023,60.474663152866114,0.827,9.0,7.0,50.0,62.5,-2.0,2.0,0.5980392156862745,1.4147914516113305,-1.2034798356986434,-0.9392949824431641
제주,2024,61.99640428127684,0.826,9.0,8.0,50.0,56.25,-1.0,1.0,0.4917229618288157,1.6567313022586971,-1.2083964578145252,-0.9392949824431641
충남,2016,37.84790986957399,1.395,8.0,6.0,56.25,68.75,-2.0,2.0,0.497854170829175,-1.5159293060963241,1.8348885577682013,-0.9615285887880715
충남,2017,41.34221389733153,1.276,8.0,4.0,56.25,81.25,-4.0,4.0,0.4558823529411765,-1.0978725891449055,1.1709812451432882,-0.9615285887880715
충남,2018,44.81126980325091,1.186,7.0,4.0,62.5,81.25,-3.0,3.0,0.5637254901960785,-0.6828365443619664,0.6688664708891517,-0.9615285887880715
충남,2019,45.94543732399154,1.112,8.0,4.0,56.25,81.25,-4.0,4.0,0.4607843137254902,-0.5471453319124188,0.25601654539130747,-0.9615285887880715
충남,2020,50.63070160446245,1.029,7.0,4.0,62.5,81.25,-3.0,3.0,0.5220588235294118,0.013397250411310067,-0.20704485753195226,-0.9615285887880715
충남,2021,52.75878360768916,0.963,8.0,5.0,56.25,75.0,-3.0,3.0,0.5416666666666667,0.2679998747408512,-0.5752623586516517,-0.9615285887880715
충남,2022,56.24375214813435,0.909,7.0,6.0,62.5,68.75,-1.0,1.0,0.5000000000000001,0.6849396988443829,-0.8765312232041329,-0.9615285887880715
충남,2023,61.222572213294065,0.842,7.0,6.0,62.5,68.75,-1.0,1.0,0.5980392156862745,1.280603142608396,-1.2503277773711012,-0.9615285887880715
충남,2024,63.86585235978191,0.883,7.0,5.0,62.5,75.0,-2.0,2.0,0.4917229618288157,1.5968438049106772,-1.0215866024331057,-0.9615285887880715
충북,2016,38.711350115499215,1.358,6.0,7.0,68.75,62.5,1.0,1.0,0.497854170829175,-1.4253780709396744,1.90842555609944,-0.9073369839750772
충북,2017,41.699272840223195,1.235,6.0,7.0,68.75,62.5,1.0,1.0,0.4558823529411765,-1.074246980462247,1.1634935777489186,-0.9073369839750772
충북,2018,45.34544917312242,1.172,5.0,5.0,75.0,75.0,0.0,0.0,0.5637254901960785,-0.6457600382632439,0.7819430522523092,-0.9073369839750772
충북,2019,46.30219508165496,1.05,7.0,8.0,62.5,56.25,1.0,1.0,0.4607843137254902,-0.533326329254293,0.04306743144935372,-0.9073369839750772
충북,2020,48.59986996781884,0.983,9.0,8.0,50.0,56.25,-1.0,1.0,0.5220588235294118,-0.26331094978498204,-0.362708524237516,-0.9073369839750772
충북,2021,52.761958989104826,0.949,7.0,7.0,62.5,62.5,0.0,0.0,0.5416666666666667,0.22580439600873572,-0.5686246808547335,-0.9073369839750772
충북,2022,57.08025088383075,0.871,6.0,7.0,68.75,62.5,1.0,1.0,0.5000000000000001,0.7332762022399435,-1.0410205695648198,-0.9073369839750772
충북,2023,63.07133271633344,0.886,5.0,4.0,75.0,81.25,-1.0,1.0,0.5980392156862745,1.4373289140384071,-0.9501752063513417,-0.9073369839750772
충북,2024,63.99276650824534,0.882,6.0,6.0,68.75,68.75,0.0,0.0,0.4917229618288157,1.5456128564173606,-0.9744006365416025,-0.9073369839750772
