지역,연도,당해계획예산_백만원,세부사업수,예산금액_존재_사업수,예산결측_사업수,음수예산_사업수,합계출산율,예산_QA_그룹수,예산_QA_일치건수,예산_QA_불일치건수,예산_QA_판정불가건수,예산_QA_허용초과건수,예산_QA_최대절대오차율,원자료_누락주의
강원,2016,966330.0,251,250,1,0,1.237,6,3,3,0,0,3.04,
강원,2017,1189656.0,276,276,0,0,1.123,6,0,0,6,0,,
강원,2018,1070709.0,77,77,0,0,1.067,3,0,0,3,0,,원자료에 자체사업 상세가 없어 세부사업 합계가 과소대표될 수 있음
강원,2019,1610182.0,428,428,0,0,1.082,6,4,2,0,0,0.02,
강원,2020,1479594.0,470,470,0,0,1.036,6,4,2,0,0,0.0,
강원,2021,1968341.0,437,437,0,0,0.979,8,8,0,0,0,0.0,
강원,2022,1320745.8,521,521,0,0,0.968,8,7,1,0,0,0.0,
강원,2023,2579093.0,537,537,0,0,0.893,8,5,3,0,0,0.0,
강원,2024,2540007.0,496,496,0,0,0.889,8,8,0,0,0,0.0,
경기,2016,4814583.0,126,124,2,0,1.194,6,6,0,0,0,0.0,
경기,2017,5514545.0,123,118,5,0,1.069,6,0,0,6,0,,
경기,2018,7061650.0,943,879,64,0,1.002,6,0,0,6,0,,
경기,2019,8641670.0,1023,1023,0,0,0.943,6,3,2,1,0,0.0,
경기,2020,10166623.0,1010,1003,7,0,0.878,6,3,3,0,0,0.03,
경기,2021,10065813.95,1149,1149,0,0,0.853,8,8,0,0,0,0.0,
경기,2022,9215575.700000001,1310,1310,0,0,0.839,8,7,1,0,0,0.0,
경기,2023,12285412.0,1303,1303,0,0,0.766,8,5,3,0,0,0.0,
경기,2024,13821287.0,1315,1302,13,0,0.789,8,6,2,0,0,0.0,
경남,2016,1481184.0,319,318,1,0,1.358,6,3,3,0,0,0.03,
경남,2017,1707499.3499999999,326,323,3,0,1.227,6,0,2,4,1,29.81,
경남,2018,1999188.0,73,73,0,0,1.122,3,0,0,3,0,,
경남,2019,2831100.0,583,583,0,0,1.046,6,2,3,1,0,0.03,
경남,2020,1717208.36,657,651,6,0,0.945,6,3,3,0,0,0.0,
경남,2021,3255588.1419999995,684,684,0,0,0.903,8,5,3,0,0,0.0,
경남,2022,3325544.7,707,707,0,0,0.838,8,3,5,0,0,4.92,
경남,2023,3893879.0,731,731,0,0,0.799,8,7,1,0,0,0.0,
경남,2024,4041141.0,714,714,0,0,0.82,8,8,0,0,0,0.0,
경북,2016,1659180.0,417,416,1,0,1.396,5,2,3,0,0,0.11,
경북,2017,1817693.0,405,404,1,0,1.256,5,0,0,5,0,,
경북,2018,2487285.0,558,558,0,1,1.167,6,0,0,6,0,,
경북,2019,2232261.0,629,629,0,0,1.089,6,3,2,1,0,0.0,
경북,2020,2646517.0,618,618,0,0,1.003,6,4,2,0,0,0.03,
경북,2021,3199705.6,439,439,0,0,0.966,6,4,2,0,0,4.98,
경북,2022,3356569.7,742,739,3,0,0.93,8,7,1,0,0,0.04,
경북,2023,3406826.0,264,264,0,0,0.86,8,7,1,0,0,0.0,
경북,2024,4062706.0,694,694,0,0,0.897,8,8,0,0,0,0.0,
광주,2016,1102184.9,278,278,0,0,1.168,5,1,2,2,1,100.1,
광주,2017,1244520.8,284,280,4,0,1.053,5,0,0,5,0,,
광주,2018,3239297.3600000003,287,286,1,0,0.972,6,1,1,4,0,0.0,
광주,2019,1088029.0,293,293,0,0,0.913,5,3,2,0,0,0.0,
광주,2020,194720.0,179,178,1,0,0.811,5,5,0,0,0,0.0,
광주,2021,824741.7,195,195,0,0,0.896,8,8,0,0,0,0.0,
광주,2022,870927.5,204,196,8,0,0.844,7,6,1,0,0,0.0,
광주,2023,1223803.0,198,198,0,0,0.706,7,6,1,0,0,0.29,
광주,2024,1240977.0,200,200,0,0,0.699,8,7,1,0,0,0.0,
대구,2016,774602.0,160,158,2,0,1.186,6,2,4,0,0,0.12,
대구,2017,959658.5000000001,163,163,0,0,1.067,6,0,0,6,0,,
대구,2018,1446836.0,232,230,2,0,0.987,6,0,0,6,0,,
대구,2019,1765898.0,235,235,0,0,0.932,5,4,1,0,0,0.0,
대구,2020,1929459.0,238,238,0,0,0.807,6,5,1,0,0,0.0,
대구,2021,2164115.0,267,267,0,0,0.785,8,8,0,0,0,0.0,
대구,2022,2523629.0,278,278,0,0,0.757,8,8,0,0,0,0.0,
대구,2023,2696432.0,266,266,0,0,0.702,8,8,0,0,0,0.0,
대구,2024,2848338.0,253,253,0,0,0.754,8,8,0,0,0,0.0,
대전,2016,709547.0,230,230,0,0,1.192,6,0,6,0,2,24192.52,
대전,2017,935218.2000000001,236,232,4,0,1.075,6,0,0,6,0,,
대전,2018,997696.4,260,257,3,0,0.952,6,0,0,6,0,,
대전,2019,685088.0,192,192,0,0,0.883,6,2,4,0,0,0.23,
대전,2020,1247751.0,299,299,0,0,0.805,6,2,4,0,0,0.04,
대전,2021,1337995.0,294,294,0,0,0.81,8,4,4,0,0,0.02,
대전,2022,1500606.3,322,322,0,0,0.842,8,7,1,0,0,0.0,
대전,2023,1222344.0,235,235,0,0,0.787,8,7,1,0,0,0.0,
대전,2024,1676350.0,162,162,0,0,0.792,8,8,0,0,0,0.0,
부산,2016,1757736.53,552,551,1,0,1.095,6,2,4,0,0,1.59,
부산,2017,3477747.6,513,507,6,0,0.976,6,0,0,6,0,,
부산,2018,2341626.0,570,569,1,0,0.899,6,0,0,6,0,,
부산,2019,2525413.0,556,556,0,0,0.827,6,4,2,0,0,0.08,
부산,2020,3494318.0,545,545,0,0,0.747,6,4,2,0,0,0.0,
부산,2021,3944822.1,685,685,0,0,0.728,8,7,1,0,0,0.0,
부산,2022,5106355.100000001,748,748,0,0,0.723,8,4,4,0,0,0.0,
부산,2023,4317819.0,722,722,0,0,0.664,8,4,4,0,0,0.0,
부산,2024,4796613.0,683,683,0,0,0.683,8,6,2,0,0,0.0,
서울,2016,4173074.0,103,102,1,0,0.94,5,4,1,0,0,0.0,
서울,2017,4761473.0,128,124,4,0,0.836,5,0,0,5,0,,
서울,2018,5912413.0,184,184,0,0,0.761,5,0,0,5,0,,
서울,2019,5907309.0,162,162,0,0,0.717,6,5,0,1,0,0.0,
서울,2020,6677517.0,177,176,1,0,0.642,6,5,1,0,0,0.0,
서울,2021,7529092.0,228,228,0,0,0.626,8,7,1,0,0,0.0,
서울,2022,7957659.899999999,227,227,0,0,0.593,8,8,0,0,0,0.0,
서울,2023,8314712.0,230,230,0,0,0.552,8,6,2,0,0,0.01,
서울,2024,4872683.0,237,237,0,0,0.581,8,8,0,0,0,0.0,
세종,2016,97707.0,114,114,0,0,1.821,5,5,0,0,0,0.0,
세종,2017,89445.0,102,102,0,0,1.668,5,0,0,5,0,,
세종,2018,104743.0,93,90,3,0,1.566,5,0,0,5,0,,
세종,2019,129545.0,100,100,0,0,1.472,6,5,1,0,0,0.0,
세종,2020,209363.0,107,107,0,0,1.277,6,4,2,0,0,0.09,
세종,2021,175466.0,93,93,0,0,1.277,8,7,1,0,0,0.0,
세종,2022,231310.40000000002,108,108,0,0,1.121,8,8,0,0,0,0.0,
세종,2023,318453.0,112,112,0,0,0.971,8,8,0,0,0,0.0,
세종,2024,329034.0,120,120,0,0,1.028,8,8,0,0,0,0.0,
울산,2016,577145.0,155,155,0,0,1.418,6,4,2,0,1,262.31,
울산,2017,2222729.4,154,154,0,0,1.261,6,0,0,6,0,,
울산,2018,948045.0,189,189,0,0,1.131,6,0,0,6,0,,
울산,2019,356752.0,160,160,0,0,1.084,6,4,1,1,0,0.01,
울산,2020,1240133.6,194,194,0,0,0.984,6,4,2,0,2,25.6,
울산,2021,977844.0,249,249,0,0,0.94,8,8,0,0,0,0.0,
울산,2022,938106.0,254,254,0,0,0.848,8,8,0,0,0,0.0,
울산,2023,3219772.0,274,274,0,0,0.814,8,8,0,0,0,0.0,
울산,2024,1273043.0,302,302,0,0,0.859,8,8,0,0,0,0.0,
인천,2016,1094772.2,132,132,0,0,1.144,5,4,1,0,0,2.42,
인천,2017,1161639.0,119,119,0,0,1.007,5,0,0,5,0,,
인천,2018,1453723.0,217,214,3,0,1.006,5,0,0,5,0,,
인천,2019,2137311.0,252,252,0,0,0.94,6,4,1,1,0,0.0,
인천,2020,2761790.0,305,305,0,0,0.829,6,4,2,0,0,0.0,
인천,2021,3305518.2,367,367,0,0,0.778,8,6,2,0,0,0.03,
인천,2022,4451688.0,377,371,6,0,0.747,8,8,0,0,0,0.0,
인천,2023,4389696.0,336,336,0,0,0.694,8,8,0,0,0,0.0,
인천,2024,4721370.0,328,328,0,0,0.762,8,8,0,0,0,0.0,
전남,2016,1883685.9999999998,446,436,10,0,1.466,5,1,4,0,0,6.39,
전남,2017,1392937.0,451,447,4,0,1.325,5,0,0,5,0,,
전남,2018,1647546.0,399,396,3,0,1.24,5,0,1,4,1,23.45,원자료에 자체사업 일부 세부내역이 없어 세부사업 합계가 과소대표될 수 있음
전남,2019,1540331.0,487,487,0,0,1.234,6,3,2,1,0,0.07,
전남,2020,1840688.0,499,499,0,0,1.145,6,5,1,0,0,1.54,
전남,2021,1966392.42,524,524,0,0,1.017,8,8,0,0,0,0.0,
전남,2022,2258897.4,552,547,5,0,0.969,7,6,1,0,0,0.0,
전남,2023,2712169.0,628,628,0,0,0.972,8,6,2,0,0,0.02,
전남,2024,2621833.0,468,466,2,0,1.028,8,5,3,0,0,0.19,
전북,2016,1401390.0,280,266,14,0,1.251,5,5,0,0,0,0.0,
전북,2017,1500137.7,318,318,0,0,1.151,5,0,0,5,0,,
전북,2018,1629235.5,380,365,15,0,1.044,6,0,0,6,0,,
전북,2019,1908798.0,373,373,0,0,0.971,5,4,1,0,0,0.0,
전북,2020,2018401.0,410,410,0,0,0.909,5,3,2,0,0,0.16,
전북,2021,2200038.999,473,473,0,0,0.85,8,7,1,0,0,0.0,
전북,2022,2540795.1,498,498,0,0,0.817,8,8,0,0,0,0.0,
전북,2023,2695319.0,403,403,0,0,0.78,8,6,2,0,0,0.01,
전북,2024,2862745.0,419,419,0,0,0.808,8,5,3,0,0,0.01,
제주,2016,542630.0,130,117,13,0,1.432,6,5,1,0,0,0.0,
제주,2017,542097.0,134,120,14,0,1.305,6,0,0,6,0,,
제주,2018,2211904.0,129,119,10,0,1.22,6,0,0,6,0,,
제주,2019,689085.0,135,135,0,0,1.145,6,5,1,0,0,0.0,
제주,2020,816440.0,138,138,0,0,1.021,6,6,0,0,0,0.0,
제주,2021,704514.0,155,155,0,0,0.951,8,8,0,0,0,0.0,
제주,2022,913167.7,160,160,0,0,0.919,8,8,0,0,0,0.0,
제주,2023,1002935.0,160,160,0,0,0.827,8,8,0,0,0,0.0,
제주,2024,1047248.0,156,156,0,0,0.826,8,8,0,0,0,0.0,
충남,2016,1317305.0,421,420,1,0,1.395,6,2,4,0,2,72.29,
충남,2017,1301513.7999999998,420,420,0,0,1.276,6,0,0,6,0,,
충남,2018,1308334.9,465,463,2,0,1.186,6,0,0,6,0,,
충남,2019,1809236.0,454,454,0,0,1.112,5,3,2,0,0,0.11,
충남,2020,1425058.0,545,537,8,0,1.029,6,2,4,0,0,0.29,
충남,2021,1253034.0,624,624,0,0,0.963,8,5,3,0,0,0.0,
충남,2022,1666990.0,622,622,0,0,0.909,8,8,0,0,0,0.0,
충남,2023,1693900.0,660,660,0,0,0.842,8,4,4,0,0,0.01,
충남,2024,1060854.0,106,106,0,0,0.883,8,0,8,0,6,96.58,
충북,2016,1198606.0,380,378,2,0,1.358,6,2,4,0,1,41.86,
충북,2017,1184144.7,399,389,10,0,1.235,6,0,0,6,0,,
충북,2018,1087783.0,416,400,16,0,1.172,6,0,0,6,0,,
충북,2019,1216343.0,422,422,0,0,1.05,6,2,3,1,0,0.11,
충북,2020,1730007.0,467,467,0,0,0.983,6,4,2,0,0,0.9,
충북,2021,1856518.64,438,438,0,0,0.949,7,5,2,0,0,0.36,
충북,2022,1864639.7,492,492,0,0,0.871,8,8,0,0,0,0.0,
충북,2023,1875132.0,484,484,0,0,0.886,8,6,2,0,0,0.82,
충북,2024,2209471.0,501,501,0,0,0.882,8,5,3,0,0,0.0,
